Epsilon,InitialSample,Network,NumberOfAgents,NumberOfBandits,NumberOfPulls,NumberOfTrials,PreferenceBias,ResultCorrelation,b1Mean1,b1Mean2,b1Variance,b2Mean1,b2Mean2,b2Variance,b3Mean1,b3Mean2,b3Variance,b4Mean1,b4Mean2,b4Variance,objPerformance1,objPerformance1Var,objPerformance2,objPerformance2Var,seed,subPerformance,subPerformanceVar
0.0,1.0,Complete,10.0,2.0,500.0,10000.0,0.5,-1.0,10.0,10.0,100.0,0.0,0.0,0.0,0.0,0.0,0.0,0.0,0.0,0.0,9.751892918727355,2.284225863554788,9.747013481272601,2.2966472068698534,1255366803,9.754396053787316,2.2704038781937954
0.0,1.0,Complete,10.0,2.0,500.0,10000.0,0.5,-1.0,10.0,10.0,100.0,0.0,0.0,0.0,0.0,0.0,0.0,0.0,0.0,0.0,9.738220769473994,2.211752571696907,9.780696430525994,2.2343179457563545,45959675,9.752300512314719,2.2342393028087795
0.0,1.0,Complete,10.0,2.0,500.0,10000.0,0.5,-1.0,10.0,10.0,100.0,0.0,0.0,0.0,0.0,0.0,0.0,0.0,0.0,0.0,9.747743390494868,2.208448183498626,9.770957809505148,2.2246637337503685,-618024794,9.771116524786654,2.120972179257724
0.05,1.0,Complete,10.0,2.0,500.0,10000.0,0.5,-1.0,10.0,10.0,100.0,0.0,0.0,0.0,0.0,0.0,0.0,0.0,0.0,0.0,9.559740117247816,2.064589231527469,9.518305882752136,2.0510085557584063,-1528863980,9.52976934092553,1.988669466054699
0.05,1.0,Complete,10.0,2.0,500.0,10000.0,0.5,-1.0,10.0,10.0,100.0,0.0,0.0,0.0,0.0,0.0,0.0,0.0,0.0,0.0,9.545275153677633,2.036288586936895,9.52405244632231,2.0213151526466744,-1475355302,9.526156732135872,2.0002024258764206
0.05,1.0,Complete,10.0,2.0,500.0,10000.0,0.5,-1.0,10.0,10.0,100.0,0.0,0.0,0.0,0.0,0.0,0.0,0.0,0.0,0.0,9.52610387954116,2.003341571741991,9.54786132045884,2.0030598038363037,33397689,9.53871804118913,1.9836770315454058
0.1,1.0,Complete,10.0,2.0,500.0,10000.0,0.5,-1.0,10.0,10.0,100.0,0.0,0.0,0.0,0.0,0.0,0.0,0.0,0.0,0.0,9.292561015018679,1.937039362791764,9.306493784981411,1.9656243615796287,669817955,9.29681311555428,1.9525800890655947
0.1,1.0,Complete,10.0,2.0,500.0,10000.0,0.5,-1.0,10.0,10.0,100.0,0.0,0.0,0.0,0.0,0.0,0.0,0.0,0.0,0.0,9.303568707563542,1.966656231804057,9.29339729243653,1.9558405136185413,-987417417,9.290310648108722,1.9645137033019904
0.1,1.0,Complete,10.0,2.0,500.0,10000.0,0.5,-1.0,10.0,10.0,100.0,0.0,0.0,0.0,0.0,0.0,0.0,0.0,0.0,0.0,9.290699334816006,1.9400906457144163,9.311950265183986,1.9543171804280668,-1386229472,9.33936824742915,1.8671829013552947
0.15000000000000002,1.0,Complete,10.0,2.0,500.0,10000.0,0.5,-1.0,10.0,10.0,100.0,0.0,0.0,0.0,0.0,0.0,0.0,0.0,0.0,0.0,9.061267777368021,1.911112795098991,9.060938222631906,1.8948276434611562,-1597008077,9.084919206106587,1.8493632246638407
0.15000000000000002,1.0,Complete,10.0,2.0,500.0,10000.0,0.5,-1.0,10.0,10.0,100.0,0.0,0.0,0.0,0.0,0.0,0.0,0.0,0.0,0.0,9.068331093673354,1.91793921716344,9.049179706326656,1.940187049313083,-1509509558,9.07342902585389,1.8536113052900698
0.15000000000000002,1.0,Complete,10.0,2.0,500.0,10000.0,0.5,-1.0,10.0,10.0,100.0,0.0,0.0,0.0,0.0,0.0,0.0,0.0,0.0,0.0,9.099536346787433,1.864465472371795,9.029480053212616,1.8695421044046687,1804188355,9.04855906176066,1.853852300596125
0.2,1.0,Complete,10.0,2.0,500.0,10000.0,0.5,-1.0,10.0,10.0,100.0,0.0,0.0,0.0,0.0,0.0,0.0,0.0,0.0,0.0,8.85078137482193,1.8652398248836168,8.81555742517808,1.8647235299472527,-1469533234,8.821512862610982,1.7998995626315228
0.2,1.0,Complete,10.0,2.0,500.0,10000.0,0.5,-1.0,10.0,10.0,100.0,0.0,0.0,0.0,0.0,0.0,0.0,0.0,0.0,0.0,8.84478891429655,1.8164992048413264,8.818292285703446,1.8388635745108899,-1958813663,8.830854190284162,1.793970797403449
0.2,1.0,Complete,10.0,2.0,500.0,10000.0,0.5,-1.0,10.0,10.0,100.0,0.0,0.0,0.0,0.0,0.0,0.0,0.0,0.0,0.0,8.816223842614242,1.8495213742980272,8.847899357385757,1.8318679181735478,1828765001,8.815602556609143,1.8479562733584058
0.25,1.0,Complete,10.0,2.0,500.0,10000.0,0.5,-1.0,10.0,10.0,100.0,0.0,0.0,0.0,0.0,0.0,0.0,0.0,0.0,0.0,8.590421625783716,1.7863483168986143,8.590207174216292,1.783727732123944,-683429655,8.578986724440295,1.7739551346293245
0.25,1.0,Complete,10.0,2.0,500.0,10000.0,0.5,-1.0,10.0,10.0,100.0,0.0,0.0,0.0,0.0,0.0,0.0,0.0,0.0,0.0,8.60947862977271,1.7877568274918743,8.576928970227277,1.7781203867642748,1546682778,8.577729545125193,1.7026623871268656
0.25,1.0,Complete,10.0,2.0,500.0,10000.0,0.5,-1.0,10.0,10.0,100.0,0.0,0.0,0.0,0.0,0.0,0.0,0.0,0.0,0.0,8.588084548063977,1.7388213558616095,8.578932651936043,1.7554725078982552,-616998043,8.599522517738134,1.7761747214285624
0.30000000000000004,1.0,Complete,10.0,2.0,500.0,10000.0,0.5,-1.0,10.0,10.0,100.0,0.0,0.0,0.0,0.0,0.0,0.0,0.0,0.0,0.0,8.338104816631045,1.7253806824239584,8.362726383368933,1.7248538641065525,869014791,8.358730998985228,1.6775326016511531
0.30000000000000004,1.0,Complete,10.0,2.0,500.0,10000.0,0.5,-1.0,10.0,10.0,100.0,0.0,0.0,0.0,0.0,0.0,0.0,0.0,0.0,0.0,8.335644872795243,1.7039805819783012,8.369037127204738,1.6860414281749678,587998740,8.355233710193708,1.6941277662689023
0.30000000000000004,1.0,Complete,10.0,2.0,500.0,10000.0,0.5,-1.0,10.0,10.0,100.0,0.0,0.0,0.0,0.0,0.0,0.0,0.0,0.0,0.0,8.357768407805755,1.7298911589176191,8.341127992194245,1.7225901420301855,-2146684313,8.347758560309876,1.6941712069328148
0.35000000000000003,1.0,Complete,10.0,2.0,500.0,10000.0,0.5,-1.0,10.0,10.0,100.0,0.0,0.0,0.0,0.0,0.0,0.0,0.0,0.0,0.0,8.123379669107418,1.6884805599596429,8.105836330892604,1.6851891940083037,1623655982,8.113191722166151,1.6197869354670986
0.35000000000000003,1.0,Complete,10.0,2.0,500.0,10000.0,0.5,-1.0,10.0,10.0,100.0,0.0,0.0,0.0,0.0,0.0,0.0,0.0,0.0,0.0,8.126245029705665,1.621295180258401,8.101465370294266,1.611056947083945,1877911591,8.121888466423508,1.64564507083972
0.35000000000000003,1.0,Complete,10.0,2.0,500.0,10000.0,0.5,-1.0,10.0,10.0,100.0,0.0,0.0,0.0,0.0,0.0,0.0,0.0,0.0,0.0,8.105770098715357,1.6474283051189196,8.129471501284678,1.6337501613038974,565470684,8.112459062591272,1.6696988297557422
0.4,1.0,Complete,10.0,2.0,500.0,10000.0,0.5,-1.0,10.0,10.0,100.0,0.0,0.0,0.0,0.0,0.0,0.0,0.0,0.0,0.0,7.878156400279523,1.6080456977021604,7.875233599720463,1.6062545321083566,-1164282357,7.883085378043495,1.5898819176330243
0.4,1.0,Complete,10.0,2.0,500.0,10000.0,0.5,-1.0,10.0,10.0,100.0,0.0,0.0,0.0,0.0,0.0,0.0,0.0,0.0,0.0,7.890444552731332,1.649124094609789,7.86398864726865,1.645308930254581,458120821,7.892386604874418,1.6022336199858749
0.4,1.0,Complete,10.0,2.0,500.0,10000.0,0.5,-1.0,10.0,10.0,100.0,0.0,0.0,0.0,0.0,0.0,0.0,0.0,0.0,0.0,7.8620493667386775,1.5820349305052457,7.885190633261332,1.5961161346732429,615427908,7.857604005009058,1.5797206132755668
0.45,1.0,Complete,10.0,2.0,500.0,10000.0,0.5,-1.0,10.0,10.0,100.0,0.0,0.0,0.0,0.0,0.0,0.0,0.0,0.0,0.0,7.646447647743518,1.5540096862080124,7.621912752256525,1.5657960642719033,968281156,7.641295334402259,1.5268948888557348
0.45,1.0,Complete,10.0,2.0,500.0,10000.0,0.5,-1.0,10.0,10.0,100.0,0.0,0.0,0.0,0.0,0.0,0.0,0.0,0.0,0.0,7.634898927288131,1.5762791399911125,7.63781107271185,1.602979510516948,-550077326,7.646496738854302,1.5303233259345164
0.45,1.0,Complete,10.0,2.0,500.0,10000.0,0.5,-1.0,10.0,10.0,100.0,0.0,0.0,0.0,0.0,0.0,0.0,0.0,0.0,0.0,7.618965949405855,1.5924604149756172,7.657604050594132,1.5826873484145327,1277122949,7.6201313440955785,1.5408602584188813
0.45,1.0,Complete,10.0,2.0,500.0,10000.0,0.5,-1.0,10.0,-10.0,100.0,0.0,0.0,0.0,0.0,0.0,0.0,0.0,0.0,0.0,5.011649679330588,1.6719857067949278,-5.011649679330588,1.6719857067949273,-1222934888,2.648552586600087,3.454129372135221
0.45,1.0,Complete,10.0,2.0,500.0,10000.0,0.5,-1.0,10.0,-10.0,100.0,0.0,0.0,0.0,0.0,0.0,0.0,0.0,0.0,0.0,4.9914587319704955,1.7286037068335474,-4.9914587319704955,1.7286037068335471,1131531660,2.627800896719547,3.502301811537387
0.45,1.0,Complete,10.0,2.0,500.0,10000.0,0.5,-1.0,10.0,-10.0,100.0,0.0,0.0,0.0,0.0,0.0,0.0,0.0,0.0,0.0,4.997011938584218,1.7178600005220612,-4.997011938584217,1.7178600005220608,-1505731855,2.6356944387311874,3.5199446764386426
0.5,1.0,Complete,10.0,2.0,500.0,10000.0,0.5,-1.0,10.0,-10.0,100.0,0.0,0.0,0.0,0.0,0.0,0.0,0.0,0.0,0.0,5.0005233292608,1.5879478231911388,-5.000523329260801,1.5879478231911386,1877787307,2.3941919337116926,3.5643530052202776
0.5,1.0,Complete,10.0,2.0,500.0,10000.0,0.5,-1.0,10.0,-10.0,100.0,0.0,0.0,0.0,0.0,0.0,0.0,0.0,0.0,0.0,4.980551521025693,1.5809847449397156,-4.980551521025693,1.580984744939716,-846847187,2.3851083621367284,3.477411273476388
0.5,1.0,Complete,10.0,2.0,500.0,10000.0,0.5,-1.0,10.0,-10.0,100.0,0.0,0.0,0.0,0.0,0.0,0.0,0.0,0.0,0.0,4.987327820444959,1.5608191746925824,-4.98732782044496,1.5608191746925826,1672190943,2.3781592187373763,3.5253226113612435
0.0,1.0,Complete,10.0,2.0,500.0,10000.0,0.5,-0.5,10.0,10.0,100.0,0.0,0.0,0.0,0.0,0.0,0.0,0.0,0.0,0.0,8.84501134550103,10.401216075174363,8.847325251863431,10.412710527831786,-836189070,8.850255156918255,10.459089642543821
0.0,1.0,Complete,10.0,2.0,500.0,10000.0,0.5,-0.5,10.0,10.0,100.0,0.0,0.0,0.0,0.0,0.0,0.0,0.0,0.0,0.0,8.82451308138672,10.600620526289239,8.822852175344483,10.603191453068815,313281526,8.837375648058027,10.678818274168012
0.0,1.0,Complete,10.0,2.0,500.0,10000.0,0.5,-0.5,10.0,10.0,100.0,0.0,0.0,0.0,0.0,0.0,0.0,0.0,0.0,0.0,8.81430652070933,10.683682531909998,8.811842909176718,10.640546395229633,-560256807,8.798583815857693,10.635839638085686
0.05,1.0,Complete,10.0,2.0,500.0,10000.0,0.5,-0.5,10.0,10.0,100.0,0.0,0.0,0.0,0.0,0.0,0.0,0.0,0.0,0.0,9.481262987262717,2.2416759327571256,9.484664093323897,2.2333942007275964,-693632410,9.497635328547975,2.264774016982241
0.05,1.0,Complete,10.0,2.0,500.0,10000.0,0.5,-0.5,10.0,10.0,100.0,0.0,0.0,0.0,0.0,0.0,0.0,0.0,0.0,0.0,9.495861531573233,2.178403622891597,9.47427683747518,2.162537498290934,1694231964,9.491923000669612,2.177226872301255
0.05,1.0,Complete,10.0,2.0,500.0,10000.0,0.5,-0.5,10.0,10.0,100.0,0.0,0.0,0.0,0.0,0.0,0.0,0.0,0.0,0.0,9.486400785298695,2.2263779284860368,9.491181396383839,2.2629512026156533,-1525529064,9.497113520072844,2.169659295363009
0.1,1.0,Complete,10.0,2.0,500.0,10000.0,0.5,-0.5,10.0,10.0,100.0,0.0,0.0,0.0,0.0,0.0,0.0,0.0,0.0,0.0,9.265314054303591,1.9825094107047037,9.2791049414672,1.9532874396683364,693219797,9.271854118885697,2.0337979553224135
0.1,1.0,Complete,10.0,2.0,500.0,10000.0,0.5,-0.5,10.0,10.0,100.0,0.0,0.0,0.0,0.0,0.0,0.0,0.0,0.0,0.0,9.274098303412833,2.013948155303667,9.302148089629503,2.011290610682094,-1477013009,9.305102290985005,1.980599387436613
0.1,1.0,Complete,10.0,2.0,500.0,10000.0,0.5,-0.5,10.0,10.0,100.0,0.0,0.0,0.0,0.0,0.0,0.0,0.0,0.0,0.0,9.255067479955825,2.0838572593733162,9.269990694879455,2.064133677353448,1800882138,9.266114564642223,2.030734554519232
0.15000000000000002,1.0,Complete,10.0,2.0,500.0,10000.0,0.5,-0.5,10.0,10.0,100.0,0.0,0.0,0.0,0.0,0.0,0.0,0.0,0.0,0.0,9.065853925378113,1.9553449704467438,9.026517700190247,1.9850493300650436,1580212120,9.036641896194501,1.9241680192090076
0.15000000000000002,1.0,Complete,10.0,2.0,500.0,10000.0,0.5,-0.5,10.0,10.0,100.0,0.0,0.0,0.0,0.0,0.0,0.0,0.0,0.0,0.0,9.025846045310608,1.9762139462984043,9.058828831228748,1.9942145213791214,-2090131925,9.03562988608504,1.988892574273622
0.15000000000000002,1.0,Complete,10.0,2.0,500.0,10000.0,0.5,-0.5,10.0,10.0,100.0,0.0,0.0,0.0,0.0,0.0,0.0,0.0,0.0,0.0,9.03684704100954,1.9870539257360735,9.054673601827892,1.9689414358453297,1738753158,9.039707554751711,1.9302672697674055
0.2,1.0,Complete,10.0,2.0,500.0,10000.0,0.5,-0.5,10.0,10.0,100.0,0.0,0.0,0.0,0.0,0.0,0.0,0.0,0.0,0.0,8.81856003840471,1.8595896400143022,8.826863665231778,1.8637726364616254,1741765881,8.824491670820562,1.9017479425869186
0.2,1.0,Complete,10.0,2.0,500.0,10000.0,0.5,-0.5,10.0,10.0,100.0,0.0,0.0,0.0,0.0,0.0,0.0,0.0,0.0,0.0,8.786256660857978,1.8919627259434926,8.846157951522802,1.9507457903100145,1828251760,8.837337141305547,1.8626762816911626
0.2,1.0,Complete,10.0,2.0,500.0,10000.0,0.5,-0.5,10.0,10.0,100.0,0.0,0.0,0.0,0.0,0.0,0.0,0.0,0.0,0.0,8.805578776154881,1.8761099544437272,8.828407443286913,1.8764358005382327,1436475510,8.821282131766067,1.8764845827808792
0.25,1.0,Complete,10.0,2.0,500.0,10000.0,0.5,-0.5,10.0,10.0,100.0,0.0,0.0,0.0,0.0,0.0,0.0,0.0,0.0,0.0,8.598212518726932,1.8016611835584495,8.562159862195086,1.8023161446561045,-499201697,8.602508033244662,1.7931477507959088
0.25,1.0,Complete,10.0,2.0,500.0,10000.0,0.5,-0.5,10.0,10.0,100.0,0.0,0.0,0.0,0.0,0.0,0.0,0.0,0.0,0.0,8.564260566550677,1.8196178100325144,8.588370577997066,1.8206735311440436,1034507352,8.55996158479187,1.805497088375696
0.25,1.0,Complete,10.0,2.0,500.0,10000.0,0.5,-0.5,10.0,10.0,100.0,0.0,0.0,0.0,0.0,0.0,0.0,0.0,0.0,0.0,8.574015312956286,1.8375393217879261,8.57899994974083,1.765081608220964,-271353577,8.578909303014592,1.8052387661916183
0.30000000000000004,1.0,Complete,10.0,2.0,500.0,10000.0,0.5,-0.5,10.0,10.0,100.0,0.0,0.0,0.0,0.0,0.0,0.0,0.0,0.0,0.0,8.361300911091229,1.7159920287745496,8.341087699170474,1.7553862502885418,-565345430,8.349695931979653,1.775154667497115
0.30000000000000004,1.0,Complete,10.0,2.0,500.0,10000.0,0.5,-0.5,10.0,10.0,100.0,0.0,0.0,0.0,0.0,0.0,0.0,0.0,0.0,0.0,8.343472920071767,1.7718801133173758,8.355578386595752,1.7657981996386156,-1190300049,8.343883460428136,1.7805604892535631
0.30000000000000004,1.0,Complete,10.0,2.0,500.0,10000.0,0.5,-0.5,10.0,10.0,100.0,0.0,0.0,0.0,0.0,0.0,0.0,0.0,0.0,0.0,8.33472885486583,1.775532310002747,8.352392615231643,1.700617103775567,1695309634,8.362244806036761,1.7209683589906712
0.35000000000000003,1.0,Complete,10.0,2.0,500.0,10000.0,0.5,-0.5,10.0,10.0,100.0,0.0,0.0,0.0,0.0,0.0,0.0,0.0,0.0,0.0,8.111261846189727,1.702027515195345,8.101888110221838,1.6807202273306139,607392806,8.103257787928316,1.6601480881982082
0.35000000000000003,1.0,Complete,10.0,2.0,500.0,10000.0,0.5,-0.5,10.0,10.0,100.0,0.0,0.0,0.0,0.0,0.0,0.0,0.0,0.0,0.0,8.109047389719446,1.6909274649570813,8.125699329971473,1.6568750027478354,689360235,8.113733885519121,1.6916373184472695
0.35000000000000003,1.0,Complete,10.0,2.0,500.0,10000.0,0.5,-0.5,10.0,10.0,100.0,0.0,0.0,0.0,0.0,0.0,0.0,0.0,0.0,0.0,8.114244498599236,1.681834756348716,8.12524012650753,1.6991361107131346,-1140503123,8.095819029530942,1.6651916084455674
0.2,1.0,Complete,10.0,2.0,500.0,10000.0,0.5,0.5,10.0,10.0,100.0,0.0,0.0,0.0,0.0,0.0,0.0,0.0,0.0,0.0,8.689176380224774,2.40409211819702,8.684103220270892,2.378403682050683,260979217,8.692555889709157,2.3967533684765865
0.2,1.0,Complete,10.0,2.0,500.0,10000.0,0.5,0.5,10.0,10.0,100.0,0.0,0.0,0.0,0.0,0.0,0.0,0.0,0.0,0.0,8.685522316180528,2.436241721408926,8.677569798899219,2.430766263051185,55269098,8.669157324340855,2.4600798061131774
0.2,1.0,Complete,10.0,2.0,500.0,10000.0,0.5,0.5,10.0,10.0,100.0,0.0,0.0,0.0,0.0,0.0,0.0,0.0,0.0,0.0,8.658161194445036,2.451783485570242,8.658546382273034,2.418528381918319,137129533,8.658195593836535,2.439009812690413
0.25,1.0,Complete,10.0,2.0,500.0,10000.0,0.5,0.5,10.0,10.0,100.0,0.0,0.0,0.0,0.0,0.0,0.0,0.0,0.0,0.0,8.476950937697875,2.1719215650127803,8.476867246971414,2.165790011130058,2083223816,8.462222627812356,2.1550413216343074
0.25,1.0,Complete,10.0,2.0,500.0,10000.0,0.5,0.5,10.0,10.0,100.0,0.0,0.0,0.0,0.0,0.0,0.0,0.0,0.0,0.0,8.486122853015498,2.1749884416943175,8.488462596192619,2.1821098295466914,-1511589703,8.490648737091757,2.190439527912645
0.25,1.0,Complete,10.0,2.0,500.0,10000.0,0.5,0.5,10.0,10.0,100.0,0.0,0.0,0.0,0.0,0.0,0.0,0.0,0.0,0.0,8.503552904952928,2.1843332264880444,8.503114536567656,2.1874313705753288,807068741,8.508017824445599,2.1729778014617325
0.30000000000000004,1.0,Complete,10.0,2.0,500.0,10000.0,0.5,0.5,10.0,10.0,100.0,0.0,0.0,0.0,0.0,0.0,0.0,0.0,0.0,0.0,8.275060331276345,1.9221575867160656,8.266593590489961,1.9637865982446976,-1306084462,8.258527990107954,1.9093488381294028
0.30000000000000004,1.0,Complete,10.0,2.0,500.0,10000.0,0.5,0.5,10.0,10.0,100.0,0.0,0.0,0.0,0.0,0.0,0.0,0.0,0.0,0.0,8.245528127430882,1.9883435752136092,8.264158429695135,1.9708142560858932,1847722563,8.246975760916904,1.9906683993831324
0.30000000000000004,1.0,Complete,10.0,2.0,500.0,10000.0,0.5,0.5,10.0,10.0,100.0,0.0,0.0,0.0,0.0,0.0,0.0,0.0,0.0,0.0,8.290685644947656,2.03507017718806,8.285911500012574,1.9861614215428673,-950646423,8.288043398539266,2.009294854059947
0.35000000000000003,1.0,Complete,10.0,2.0,500.0,10000.0,0.5,0.5,10.0,10.0,100.0,0.0,0.0,0.0,0.0,0.0,0.0,0.0,0.0,0.0,8.065751721499366,1.8839360968202072,8.057856192867602,1.8854593687523047,1575738654,8.065601020609034,1.8611927369121386
0.35000000000000003,1.0,Complete,10.0,2.0,500.0,10000.0,0.5,0.5,10.0,10.0,100.0,0.0,0.0,0.0,0.0,0.0,0.0,0.0,0.0,0.0,8.04577682430375,1.8783059030315128,8.045769479164875,1.8998213098666852,226279808,8.035550039734256,1.8891741770457928
0.35000000000000003,1.0,Complete,10.0,2.0,500.0,10000.0,0.5,0.5,10.0,10.0,100.0,0.0,0.0,0.0,0.0,0.0,0.0,0.0,0.0,0.0,8.035985826757178,1.814603521548024,8.042908526490562,1.8011956987257018,1292397382,8.040269293050839,1.8019199041758729
0.4,1.0,Complete,10.0,2.0,500.0,10000.0,0.5,0.5,10.0,10.0,100.0,0.0,0.0,0.0,0.0,0.0,0.0,0.0,0.0,0.0,7.822056478369872,1.715022256939132,7.8112874575112,1.7570942214366116,-1422229592,7.812317350477374,1.7430330444429156
0.4,1.0,Complete,10.0,2.0,500.0,10000.0,0.5,0.5,10.0,10.0,100.0,0.0,0.0,0.0,0.0,0.0,0.0,0.0,0.0,0.0,7.830446609987465,1.7492326418041853,7.842012240139379,1.7548266838697781,345105664,7.834738645189285,1.7634192111485374
0.4,1.0,Complete,10.0,2.0,500.0,10000.0,0.5,0.5,10.0,10.0,100.0,0.0,0.0,0.0,0.0,0.0,0.0,0.0,0.0,0.0,7.827045600937834,1.7878375012210874,7.816155927390888,1.7997837130630678,194648681,7.8318872037964775,1.7755232064338682
0.45,1.0,Complete,10.0,2.0,500.0,10000.0,0.5,0.5,10.0,10.0,100.0,0.0,0.0,0.0,0.0,0.0,0.0,0.0,0.0,0.0,7.61960402586491,1.6773250126926802,7.624051335120597,1.6887270400148493,-213310299,7.631016892651087,1.704963392879894
0.45,1.0,Complete,10.0,2.0,500.0,10000.0,0.5,0.5,10.0,10.0,100.0,0.0,0.0,0.0,0.0,0.0,0.0,0.0,0.0,0.0,7.593950851094305,1.6959368674399564,7.612593973166971,1.6937224823346368,-1788937240,7.6134379033700466,1.6862821182099745
0.45,1.0,Complete,10.0,2.0,500.0,10000.0,0.5,0.5,10.0,10.0,100.0,0.0,0.0,0.0,0.0,0.0,0.0,0.0,0.0,0.0,7.6034930387105355,1.6633921552561601,7.592854184864829,1.665140528617542,109132858,7.603608816694164,1.6647419032605248
0.5,1.0,Complete,10.0,2.0,500.0,10000.0,0.5,0.5,10.0,10.0,100.0,0.0,0.0,0.0,0.0,0.0,0.0,0.0,0.0,0.0,7.354258166489947,1.6396721888663177,7.3529534979970235,1.6025772841473551,-885490551,7.344461902794798,1.6326413674603069
0.5,1.0,Complete,10.0,2.0,500.0,10000.0,0.5,0.5,10.0,10.0,100.0,0.0,0.0,0.0,0.0,0.0,0.0,0.0,0.0,0.0,7.3573006684305815,1.6056137855213704,7.350538385813737,1.6022863122501774,-1127824085,7.353905390023546,1.6083934373213518
0.5,1.0,Complete,10.0,2.0,500.0,10000.0,0.5,0.5,10.0,10.0,100.0,0.0,0.0,0.0,0.0,0.0,0.0,0.0,0.0,0.0,7.38426033709613,1.5747964600303725,7.38844711692867,1.588942224892003,672953835,7.387013892371878,1.5605034698567808
0.0,1.0,Complete,10.0,2.0,500.0,10000.0,0.5,0.5,10.0,-10.0,100.0,0.0,0.0,0.0,0.0,0.0,0.0,0.0,0.0,0.0,2.203318397669618,8.334421922304836,-2.2119680430128055,7.410819035597075,1045940550,2.10941325197834,7.981440855209624
0.0,1.0,Complete,10.0,2.0,500.0,10000.0,0.5,0.5,10.0,-10.0,100.0,0.0,0.0,0.0,0.0,0.0,0.0,0.0,0.0,0.0,2.226250432125716,8.420738825249853,-2.224228178955305,7.38244133477927,1518606185,2.129745397202032,8.05243237470652
0.0,1.0,Complete,10.0,2.0,500.0,10000.0,0.5,0.5,10.0,-10.0,100.0,0.0,0.0,0.0,0.0,0.0,0.0,0.0,0.0,0.0,2.199695392957937,8.44112788948657,-2.183459635911174,7.28186024526482,-230043757,2.1071510201490584,8.092090859560713
0.05,1.0,Complete,10.0,2.0,500.0,10000.0,0.5,0.5,10.0,-10.0,100.0,0.0,0.0,0.0,0.0,0.0,0.0,0.0,0.0,0.0,4.066131912250249,5.332430444261198,-4.075592014253287,4.324948338052453,-1182783376,3.6886142807965996,5.416197057199287
0.05,1.0,Complete,10.0,2.0,500.0,10000.0,0.5,0.5,10.0,-10.0,100.0,0.0,0.0,0.0,0.0,0.0,0.0,0.0,0.0,0.0,4.089587599072876,5.43183046927489,-4.083188063392281,4.484789470829637,205263802,3.714976802869837,5.505253310513648
0.05,1.0,Complete,10.0,2.0,500.0,10000.0,0.5,0.5,10.0,-10.0,100.0,0.0,0.0,0.0,0.0,0.0,0.0,0.0,0.0,0.0,4.092931001847957,5.486972564991378,-4.077301163078764,4.459252496971732,19406486,3.7214502500698217,5.558263493494821
0.1,1.0,Complete,10.0,2.0,500.0,10000.0,0.5,0.5,10.0,-10.0,100.0,0.0,0.0,0.0,0.0,0.0,0.0,0.0,0.0,0.0,4.479354326209345,4.07680208392515,-4.487212334426953,3.3571291869589293,-1958837767,3.865124057396289,4.425827722432518
0.1,1.0,Complete,10.0,2.0,500.0,10000.0,0.5,0.5,10.0,-10.0,100.0,0.0,0.0,0.0,0.0,0.0,0.0,0.0,0.0,0.0,4.4910941864501694,4.0537338629738455,-4.466579529316176,3.314367164570777,1823789569,3.872536589064588,4.416653971300834
0.1,1.0,Complete,10.0,2.0,500.0,10000.0,0.5,0.5,10.0,-10.0,100.0,0.0,0.0,0.0,0.0,0.0,0.0,0.0,0.0,0.0,4.484599928419112,4.203665729328236,-4.449788499495433,3.2881688573972756,-790819252,3.8644599582047996,4.549769346363389
0.5,1.0,Complete,10.0,2.0,500.0,10000.0,0.5,-1.0,10.0,10.0,100.0,0.0,0.0,0.0,0.0,0.0,0.0,0.0,0.0,0.0,7.404331647740727,1.5153952428709636,7.391636752259305,1.5115352892056628,-1181404290,7.402722667798209,1.4815978224000736
0.5,1.0,Complete,10.0,2.0,500.0,10000.0,0.5,-1.0,10.0,10.0,100.0,0.0,0.0,0.0,0.0,0.0,0.0,0.0,0.0,0.0,7.397329517224991,1.5152802502767175,7.38974848277504,1.5177960873354985,2145772272,7.410307587569847,1.5199858956515135
0.5,1.0,Complete,10.0,2.0,500.0,10000.0,0.5,-1.0,10.0,10.0,100.0,0.0,0.0,0.0,0.0,0.0,0.0,0.0,0.0,0.0,7.389703625336167,1.5219553732413578,7.405579974663819,1.5201991902760505,-577254486,7.383731700056784,1.4843309575577932
0.0,1.0,Complete,10.0,2.0,500.0,10000.0,0.5,-1.0,10.0,-10.0,100.0,0.0,0.0,0.0,0.0,0.0,0.0,0.0,0.0,0.0,4.9368212278472745,3.460776723074196,-4.9368212278472745,3.460776723074196,-459508266,4.737221357310094,3.6435285251999003
0.0,1.0,Complete,10.0,2.0,500.0,10000.0,0.5,-1.0,10.0,-10.0,100.0,0.0,0.0,0.0,0.0,0.0,0.0,0.0,0.0,0.0,4.994291695026748,3.3920132097399467,-4.994291695026748,3.392013209739946,-1466020986,4.791585294148232,3.587531954897905
0.0,1.0,Complete,10.0,2.0,500.0,10000.0,0.5,-1.0,10.0,-10.0,100.0,0.0,0.0,0.0,0.0,0.0,0.0,0.0,0.0,0.0,4.943172335698915,3.379042551896512,-4.943172335698915,3.379042551896512,-1635994896,4.737251588891584,3.562747457725081
0.05,1.0,Complete,10.0,2.0,500.0,10000.0,0.5,-1.0,10.0,-10.0,100.0,0.0,0.0,0.0,0.0,0.0,0.0,0.0,0.0,0.0,4.978864971707706,3.0301665029868645,-4.978864971707706,3.030166502986866,-946797116,4.53490387167797,3.4248880912737336
0.05,1.0,Complete,10.0,2.0,500.0,10000.0,0.5,-1.0,10.0,-10.0,100.0,0.0,0.0,0.0,0.0,0.0,0.0,0.0,0.0,0.0,4.968162926787954,2.99113382997137,-4.968162926787954,2.991133829971369,-1975764621,4.52323771107437,3.4202349107961836
0.05,1.0,Complete,10.0,2.0,500.0,10000.0,0.5,-1.0,10.0,-10.0,100.0,0.0,0.0,0.0,0.0,0.0,0.0,0.0,0.0,0.0,4.978463527925911,3.1406370907030263,-4.97846352792591,3.140637090703025,-62493746,4.536993742542686,3.568780279120062
0.1,1.0,Complete,10.0,2.0,500.0,10000.0,0.5,-1.0,10.0,-10.0,100.0,0.0,0.0,0.0,0.0,0.0,0.0,0.0,0.0,0.0,4.988280688543147,2.9088139353531974,-4.988280688543147,2.908813935353198,864690325,4.309839184881849,3.5305225383635137
0.1,1.0,Complete,10.0,2.0,500.0,10000.0,0.5,-1.0,10.0,-10.0,100.0,0.0,0.0,0.0,0.0,0.0,0.0,0.0,0.0,0.0,4.9797718606108745,2.8262940520767743,-4.9797718606108745,2.8262940520767743,-1950273504,4.29164201339329,3.4360821169513995
0.1,1.0,Complete,10.0,2.0,500.0,10000.0,0.5,-1.0,10.0,-10.0,100.0,0.0,0.0,0.0,0.0,0.0,0.0,0.0,0.0,0.0,4.943955724197584,2.7733958563975727,-4.943955724197584,2.773395856397573,1854037825,4.264306472724652,3.360100342310498
0.15000000000000002,1.0,Complete,10.0,2.0,500.0,10000.0,0.5,-1.0,10.0,-10.0,100.0,0.0,0.0,0.0,0.0,0.0,0.0,0.0,0.0,0.0,4.97294614715081,2.655768724620475,-4.97294614715081,2.655768724620475,-1762662808,4.05726470497318,3.5015841442169027
0.15000000000000002,1.0,Complete,10.0,2.0,500.0,10000.0,0.5,-1.0,10.0,-10.0,100.0,0.0,0.0,0.0,0.0,0.0,0.0,0.0,0.0,0.0,4.981463508833747,2.689773134094876,-4.981463508833747,2.6897731340948767,-618301420,4.055634892913051,3.5665615781013655
0.15000000000000002,1.0,Complete,10.0,2.0,500.0,10000.0,0.5,-1.0,10.0,-10.0,100.0,0.0,0.0,0.0,0.0,0.0,0.0,0.0,0.0,0.0,4.95605639298743,2.744167345422007,-4.95605639298743,2.7441673454220066,-921024143,4.042735533772868,3.5903485075987795
0.2,1.0,Complete,10.0,2.0,500.0,10000.0,0.5,-1.0,10.0,-10.0,100.0,0.0,0.0,0.0,0.0,0.0,0.0,0.0,0.0,0.0,4.994745390938448,2.5148526384231973,-4.994745390938449,2.514852638423197,-512644757,3.835242523553794,3.529572490482122
0.2,1.0,Complete,10.0,2.0,500.0,10000.0,0.5,-1.0,10.0,-10.0,100.0,0.0,0.0,0.0,0.0,0.0,0.0,0.0,0.0,0.0,4.987071792098353,2.4505666518461213,-4.987071792098353,2.4505666518461213,722266842,3.8257133840868707,3.433939854964157
0.2,1.0,Complete,10.0,2.0,500.0,10000.0,0.5,-1.0,10.0,-10.0,100.0,0.0,0.0,0.0,0.0,0.0,0.0,0.0,0.0,0.0,4.983610366281026,2.4801309974642387,-4.983610366281025,2.4801309974642387,573484643,3.8287998463250448,3.5059309473748903
0.25,1.0,Complete,10.0,2.0,500.0,10000.0,0.5,-1.0,10.0,-10.0,100.0,0.0,0.0,0.0,0.0,0.0,0.0,0.0,0.0,0.0,4.966322883659902,2.2950778571941473,-4.966322883659901,2.2950778571941464,-1014931765,3.5589700397125887,3.4318971241220466
0.25,1.0,Complete,10.0,2.0,500.0,10000.0,0.5,-1.0,10.0,-10.0,100.0,0.0,0.0,0.0,0.0,0.0,0.0,0.0,0.0,0.0,5.004253001726474,2.29939570968528,-5.004253001726474,2.2993957096852804,1393480499,3.6014706290139444,3.4996097082061537
0.25,1.0,Complete,10.0,2.0,500.0,10000.0,0.5,-1.0,10.0,-10.0,100.0,0.0,0.0,0.0,0.0,0.0,0.0,0.0,0.0,0.0,4.993010904718845,2.263750845676506,-4.993010904718845,2.2637508456765056,-635208567,3.5917831088673817,3.458173700230564
0.30000000000000004,1.0,Complete,10.0,2.0,500.0,10000.0,0.5,-1.0,10.0,-10.0,100.0,0.0,0.0,0.0,0.0,0.0,0.0,0.0,0.0,0.0,4.989580279867676,2.088342885392373,-4.989580279867676,2.0883428853923727,41390343,3.3505490214990874,3.515571579195822
0.30000000000000004,1.0,Complete,10.0,2.0,500.0,10000.0,0.5,-1.0,10.0,-10.0,100.0,0.0,0.0,0.0,0.0,0.0,0.0,0.0,0.0,0.0,4.997269791732175,2.126740556489904,-4.997269791732175,2.1267405564899033,263688094,3.3583225311398675,3.4572192983702
0.30000000000000004,1.0,Complete,10.0,2.0,500.0,10000.0,0.5,-1.0,10.0,-10.0,100.0,0.0,0.0,0.0,0.0,0.0,0.0,0.0,0.0,0.0,4.9852489482434965,2.1016918424477127,-4.9852489482434965,2.1016918424477122,-1877451973,3.3442130598109863,3.4554137028480474
0.35000000000000003,1.0,Complete,10.0,2.0,500.0,10000.0,0.5,-1.0,10.0,-10.0,100.0,0.0,0.0,0.0,0.0,0.0,0.0,0.0,0.0,0.0,5.003604267166293,2.0058467445656953,-5.003604267166293,2.005846744565696,-130115990,3.1362159853357263,3.6020358052165995
0.35000000000000003,1.0,Complete,10.0,2.0,500.0,10000.0,0.5,-1.0,10.0,-10.0,100.0,0.0,0.0,0.0,0.0,0.0,0.0,0.0,0.0,0.0,5.001826966379432,1.9999407914071896,-5.001826966379432,1.9999407914071896,406224907,3.1178429706952193,3.5764486854626596
0.35000000000000003,1.0,Complete,10.0,2.0,500.0,10000.0,0.5,-1.0,10.0,-10.0,100.0,0.0,0.0,0.0,0.0,0.0,0.0,0.0,0.0,0.0,4.985726291439139,2.011761374442567,-4.985726291439139,2.011761374442567,1217799241,3.0999739194074385,3.4888667208318327
0.4,1.0,Complete,10.0,2.0,500.0,10000.0,0.5,-1.0,10.0,-10.0,100.0,0.0,0.0,0.0,0.0,0.0,0.0,0.0,0.0,0.0,4.9843072129462875,1.8559905578635842,-4.9843072129462875,1.8559905578635845,-947815860,2.865372115518676,3.5323850069741716
0.4,1.0,Complete,10.0,2.0,500.0,10000.0,0.5,-1.0,10.0,-10.0,100.0,0.0,0.0,0.0,0.0,0.0,0.0,0.0,0.0,0.0,4.957896519240938,1.8374745061093327,-4.957896519240938,1.8374745061093327,1625151084,2.820862773594483,3.4795188125507694
0.4,1.0,Complete,10.0,2.0,500.0,10000.0,0.5,-1.0,10.0,-10.0,100.0,0.0,0.0,0.0,0.0,0.0,0.0,0.0,0.0,0.0,4.962689164644941,1.8633201893687223,-4.962689164644941,1.8633201893687223,1450765,2.8458918433072515,3.481288141116056
0.25,1.0,Complete,10.0,2.0,500.0,10000.0,0.5,0.0,10.0,-10.0,100.0,0.0,0.0,0.0,0.0,0.0,0.0,0.0,0.0,0.0,4.862643148079634,2.6090110739689933,-4.867380965688962,2.3760474005313723,1885236999,3.5095869916789524,3.667592103859119
0.25,1.0,Complete,10.0,2.0,500.0,10000.0,0.5,0.0,10.0,-10.0,100.0,0.0,0.0,0.0,0.0,0.0,0.0,0.0,0.0,0.0,4.844130804820991,2.6137786679365047,-4.835508011421971,2.3492417656648543,-565833253,3.477633895111985,3.6881810280537364
0.25,1.0,Complete,10.0,2.0,500.0,10000.0,0.5,0.0,10.0,-10.0,100.0,0.0,0.0,0.0,0.0,0.0,0.0,0.0,0.0,0.0,4.847257129840795,2.589144156572668,-4.840477472088863,2.3312311966216597,1385574157,3.486632192965115,3.630214388190883
0.30000000000000004,1.0,Complete,10.0,2.0,500.0,10000.0,0.5,0.0,10.0,-10.0,100.0,0.0,0.0,0.0,0.0,0.0,0.0,0.0,0.0,0.0,4.873366295950582,2.377730189330947,-4.857591146957154,2.12301704666023,-2046161464,3.261706415964129,3.6537258946829887
0.30000000000000004,1.0,Complete,10.0,2.0,500.0,10000.0,0.5,0.0,10.0,-10.0,100.0,0.0,0.0,0.0,0.0,0.0,0.0,0.0,0.0,0.0,4.886919432029721,2.3041170082955285,-4.885388513303308,2.109525121779259,-1404961229,3.282582155709804,3.5216754001408828
0.30000000000000004,1.0,Complete,10.0,2.0,500.0,10000.0,0.5,0.0,10.0,-10.0,100.0,0.0,0.0,0.0,0.0,0.0,0.0,0.0,0.0,0.0,4.8745699013085515,2.298618559338738,-4.874662908558653,2.127170031927667,1627500265,3.2797310911414943,3.5056382564112285
0.35000000000000003,1.0,Complete,10.0,2.0,500.0,10000.0,0.5,0.0,10.0,-10.0,100.0,0.0,0.0,0.0,0.0,0.0,0.0,0.0,0.0,0.0,4.901310316208278,2.121790891080294,-4.915420359383024,1.9665518901981092,1442607861,3.0435077452939847,3.594919686142434
0.35000000000000003,1.0,Complete,10.0,2.0,500.0,10000.0,0.5,0.0,10.0,-10.0,100.0,0.0,0.0,0.0,0.0,0.0,0.0,0.0,0.0,0.0,4.931154585698812,2.1450174369379362,-4.907447833343555,1.9253425178203594,-506872689,3.091845881337238,3.5378788194726987
0.35000000000000003,1.0,Complete,10.0,2.0,500.0,10000.0,0.5,0.0,10.0,-10.0,100.0,0.0,0.0,0.0,0.0,0.0,0.0,0.0,0.0,0.0,4.923547248291017,2.1711184986393226,-4.900722652241938,2.006898600056172,-1069971526,3.0729938291356436,3.586388186035554
0.4,1.0,Complete,10.0,2.0,500.0,10000.0,0.5,0.0,10.0,-10.0,100.0,0.0,0.0,0.0,0.0,0.0,0.0,0.0,0.0,0.0,4.929148955608196,1.937387013905883,-4.924793436742564,1.8122738690890727,1607663013,2.835978721519572,3.480576523692067
0.4,1.0,Complete,10.0,2.0,500.0,10000.0,0.5,0.0,10.0,-10.0,100.0,0.0,0.0,0.0,0.0,0.0,0.0,0.0,0.0,0.0,4.92605132197968,1.9538677467568282,-4.923944519174371,1.8367012993958292,349541902,2.8217381851861765,3.5439628628399706
0.4,1.0,Complete,10.0,2.0,500.0,10000.0,0.5,0.0,10.0,-10.0,100.0,0.0,0.0,0.0,0.0,0.0,0.0,0.0,0.0,0.0,4.9092656211926196,1.9752910512222654,-4.923646954929978,1.7737822488822403,-1592115384,2.8216660836283487,3.5464084758496437
0.45,1.0,Complete,10.0,2.0,500.0,10000.0,0.5,0.0,10.0,-10.0,100.0,0.0,0.0,0.0,0.0,0.0,0.0,0.0,0.0,0.0,4.956721470940386,1.7933637199746704,-4.924483112159958,1.69571426633341,1506647149,2.6222385140710083,3.498443850400508
0.45,1.0,Complete,10.0,2.0,500.0,10000.0,0.5,0.0,10.0,-10.0,100.0,0.0,0.0,0.0,0.0,0.0,0.0,0.0,0.0,0.0,4.935290241089366,1.8054386240639555,-4.9305124266297184,1.6430211471085363,1483374449,2.5969188074746863,3.4798001235070153
0.45,1.0,Complete,10.0,2.0,500.0,10000.0,0.5,0.0,10.0,-10.0,100.0,0.0,0.0,0.0,0.0,0.0,0.0,0.0,0.0,0.0,4.934183662993013,1.8056058222869906,-4.927408127329275,1.651009584482276,-1832886134,2.596846180139609,3.5426339176915143
0.5,1.0,Complete,10.0,2.0,500.0,10000.0,0.5,0.0,10.0,-10.0,100.0,0.0,0.0,0.0,0.0,0.0,0.0,0.0,0.0,0.0,4.946623408897523,1.6336976747992364,-4.9535872998303985,1.5689129000931492,-136912012,2.3591832080810176,3.4681102426027763
0.5,1.0,Complete,10.0,2.0,500.0,10000.0,0.5,0.0,10.0,-10.0,100.0,0.0,0.0,0.0,0.0,0.0,0.0,0.0,0.0,0.0,4.966804260479122,1.6624082622612548,-4.956346100208044,1.5127680489241766,450706265,2.391758878254636,3.502467071821443
0.5,1.0,Complete,10.0,2.0,500.0,10000.0,0.5,0.0,10.0,-10.0,100.0,0.0,0.0,0.0,0.0,0.0,0.0,0.0,0.0,0.0,4.9387290260751096,1.6754515386680935,-4.967851843962635,1.5481457953716065,2072684131,2.3683841237428447,3.553192612921324
0.0,1.0,Complete,10.0,2.0,500.0,10000.0,0.5,0.5,10.0,10.0,100.0,0.0,0.0,0.0,0.0,0.0,0.0,0.0,0.0,0.0,6.030919391469872,25.243771897353025,6.038046757851042,25.331211262586724,1780585872,6.039878888052765,25.39987025054221
0.0,1.0,Complete,10.0,2.0,500.0,10000.0,0.5,0.5,10.0,10.0,100.0,0.0,0.0,0.0,0.0,0.0,0.0,0.0,0.0,0.0,6.1566151031849135,25.10343136865368,6.141754516511181,24.979591266555193,1330091546,6.148512259359745,25.102970685862257
0.0,1.0,Complete,10.0,2.0,500.0,10000.0,0.5,0.5,10.0,10.0,100.0,0.0,0.0,0.0,0.0,0.0,0.0,0.0,0.0,0.0,6.016246654576045,25.060453914075985,6.043322877171252,25.218455594728333,-1288424259,6.034913797495409,25.261123894153403
0.05,1.0,Complete,10.0,2.0,500.0,10000.0,0.5,0.5,10.0,10.0,100.0,0.0,0.0,0.0,0.0,0.0,0.0,0.0,0.0,0.0,8.811560050123523,6.005020337899402,8.823136028546271,6.045459626576108,-1520106264,8.810446445766447,6.121142862784474
0.05,1.0,Complete,10.0,2.0,500.0,10000.0,0.5,0.5,10.0,10.0,100.0,0.0,0.0,0.0,0.0,0.0,0.0,0.0,0.0,0.0,8.756512972709436,6.520353298219508,8.757587901817374,6.502303246808804,-489308162,8.765762627206902,6.538653162301435
0.05,1.0,Complete,10.0,2.0,500.0,10000.0,0.5,0.5,10.0,10.0,100.0,0.0,0.0,0.0,0.0,0.0,0.0,0.0,0.0,0.0,8.783129465003322,6.2140811876350295,8.75249870173355,6.167565956878447,-739162638,8.781209165096643,6.234278963303526
0.1,1.0,Complete,10.0,2.0,500.0,10000.0,0.5,0.5,10.0,10.0,100.0,0.0,0.0,0.0,0.0,0.0,0.0,0.0,0.0,0.0,8.92506519423713,3.564500025051445,8.941524759312918,3.5584955367739646,-1798054734,8.915402452193318,3.560381271701645
0.1,1.0,Complete,10.0,2.0,500.0,10000.0,0.5,0.5,10.0,10.0,100.0,0.0,0.0,0.0,0.0,0.0,0.0,0.0,0.0,0.0,8.906542559042185,3.6405044415917653,8.935378407901286,3.7129879652978626,1203264218,8.914539313060745,3.6607413701204656
0.1,1.0,Complete,10.0,2.0,500.0,10000.0,0.5,0.5,10.0,10.0,100.0,0.0,0.0,0.0,0.0,0.0,0.0,0.0,0.0,0.0,8.947244846852003,3.6705216931481175,8.927417185946084,3.586307642714433,-1190263993,8.931181527545576,3.6489840718463067
0.15000000000000002,1.0,Complete,10.0,2.0,500.0,10000.0,0.5,0.5,10.0,10.0,100.0,0.0,0.0,0.0,0.0,0.0,0.0,0.0,0.0,0.0,8.833814249912365,2.768436232309019,8.828703053470763,2.779267191364056,-211782390,8.8356737357194,2.770675725306986
0.15000000000000002,1.0,Complete,10.0,2.0,500.0,10000.0,0.5,0.5,10.0,10.0,100.0,0.0,0.0,0.0,0.0,0.0,0.0,0.0,0.0,0.0,8.809750249751513,2.759341746647713,8.829334503551651,2.708571319517838,-1602755396,8.820984577125234,2.740613330121455
0.15000000000000002,1.0,Complete,10.0,2.0,500.0,10000.0,0.5,0.5,10.0,10.0,100.0,0.0,0.0,0.0,0.0,0.0,0.0,0.0,0.0,0.0,8.855195170337907,2.694948293131364,8.848275140110514,2.6956619779501536,177865807,8.844608375788548,2.6913990822206633
0.30000000000000004,1.0,Complete,10.0,2.0,500.0,10000.0,0.5,0.0,10.0,10.0,100.0,0.0,0.0,0.0,0.0,0.0,0.0,0.0,0.0,0.0,8.328399516547734,1.8398048076502347,8.330192271211919,1.8676110425453392,-1367627364,8.324081400340656,1.8520840484377643
0.30000000000000004,1.0,Complete,10.0,2.0,500.0,10000.0,0.5,0.0,10.0,10.0,100.0,0.0,0.0,0.0,0.0,0.0,0.0,0.0,0.0,0.0,8.314035446338245,1.8711054563979472,8.301357712984467,1.8757830197849819,-415636547,8.308752980962316,1.859294195809864
0.30000000000000004,1.0,Complete,10.0,2.0,500.0,10000.0,0.5,0.0,10.0,10.0,100.0,0.0,0.0,0.0,0.0,0.0,0.0,0.0,0.0,0.0,8.337504139038462,1.8573818071783466,8.32006378291369,1.8013412045992194,1518704207,8.331701791025285,1.8045758294791845
0.35000000000000003,1.0,Complete,10.0,2.0,500.0,10000.0,0.5,0.0,10.0,10.0,100.0,0.0,0.0,0.0,0.0,0.0,0.0,0.0,0.0,0.0,8.086336131977971,1.687457597234805,8.108278739890743,1.7259033390639544,-623162255,8.10471752642404,1.7599948322016512
0.35000000000000003,1.0,Complete,10.0,2.0,500.0,10000.0,0.5,0.0,10.0,10.0,100.0,0.0,0.0,0.0,0.0,0.0,0.0,0.0,0.0,0.0,8.110017056148907,1.7197862350468727,8.098149378064162,1.7482351174148374,-2144619180,8.100998226360794,1.7414041275360372
0.35000000000000003,1.0,Complete,10.0,2.0,500.0,10000.0,0.5,0.0,10.0,10.0,100.0,0.0,0.0,0.0,0.0,0.0,0.0,0.0,0.0,0.0,8.091332279297786,1.7324783927510239,8.127112527989594,1.715523233287415,-1588643640,8.092392899617211,1.7377671536595252
0.4,1.0,Complete,10.0,2.0,500.0,10000.0,0.5,0.0,10.0,10.0,100.0,0.0,0.0,0.0,0.0,0.0,0.0,0.0,0.0,0.0,7.828223371612117,1.7096184961814223,7.830396492122021,1.6459747268908116,1432297693,7.817681193882515,1.6579451714458213
0.4,1.0,Complete,10.0,2.0,500.0,10000.0,0.5,0.0,10.0,10.0,100.0,0.0,0.0,0.0,0.0,0.0,0.0,0.0,0.0,0.0,7.874606069573733,1.6570511379962494,7.869910311488508,1.692151680796831,-1532951870,7.874334994574786,1.6732353026131732
0.4,1.0,Complete,10.0,2.0,500.0,10000.0,0.5,0.0,10.0,10.0,100.0,0.0,0.0,0.0,0.0,0.0,0.0,0.0,0.0,0.0,7.858268173443954,1.6939631119355014,7.869425246967055,1.6952400976724353,-204904809,7.865581584272683,1.7043050353498792
0.45,1.0,Complete,10.0,2.0,500.0,10000.0,0.5,0.0,10.0,10.0,100.0,0.0,0.0,0.0,0.0,0.0,0.0,0.0,0.0,0.0,7.613460321826271,1.6314667784511925,7.618087902849207,1.6138953434847805,200666009,7.615290534751443,1.641134847528012
0.45,1.0,Complete,10.0,2.0,500.0,10000.0,0.5,0.0,10.0,10.0,100.0,0.0,0.0,0.0,0.0,0.0,0.0,0.0,0.0,0.0,7.616497664045455,1.6561941763641719,7.601182624993558,1.6183305643202368,-984951581,7.604614291379829,1.6493514470088866
0.45,1.0,Complete,10.0,2.0,500.0,10000.0,0.5,0.0,10.0,10.0,100.0,0.0,0.0,0.0,0.0,0.0,0.0,0.0,0.0,0.0,7.62849985328037,1.5963252751395582,7.6149372051743125,1.5838589767746576,699040901,7.608456872129538,1.6037388950020635
0.5,1.0,Complete,10.0,2.0,500.0,10000.0,0.5,0.0,10.0,10.0,100.0,0.0,0.0,0.0,0.0,0.0,0.0,0.0,0.0,0.0,7.371417666077855,1.5554042267247579,7.370682483725627,1.5213671763834375,-20893131,7.364195677505039,1.5476338758875698
0.5,1.0,Complete,10.0,2.0,500.0,10000.0,0.5,0.0,10.0,10.0,100.0,0.0,0.0,0.0,0.0,0.0,0.0,0.0,0.0,0.0,7.397235004186153,1.5542302051306758,7.40537319331188,1.5504754451660767,1843335710,7.398718915662852,1.5678765895241844
0.5,1.0,Complete,10.0,2.0,500.0,10000.0,0.5,0.0,10.0,10.0,100.0,0.0,0.0,0.0,0.0,0.0,0.0,0.0,0.0,0.0,7.397241852366283,1.5380255448956728,7.395761416867428,1.5822239066937593,-1140463244,7.388600581425603,1.5539460944430459
0.0,1.0,Complete,10.0,2.0,500.0,10000.0,0.5,0.0,10.0,-10.0,100.0,0.0,0.0,0.0,0.0,0.0,0.0,0.0,0.0,0.0,2.4920089939764707,8.512787127685803,-2.4814253266075474,7.633745618292396,-315732043,2.3912429760030243,8.233398783011785
0.0,1.0,Complete,10.0,2.0,500.0,10000.0,0.5,0.0,10.0,-10.0,100.0,0.0,0.0,0.0,0.0,0.0,0.0,0.0,0.0,0.0,2.4665495705725125,8.555627962958338,-2.4718930309697886,7.795854914628994,-613866787,2.368164700277511,8.276790527275871
0.0,1.0,Complete,10.0,2.0,500.0,10000.0,0.5,0.0,10.0,-10.0,100.0,0.0,0.0,0.0,0.0,0.0,0.0,0.0,0.0,0.0,2.5027402392507336,8.724296565317198,-2.5052135032056753,7.892201565981712,91968484,2.4049669109794487,8.449667805502164
0.05,1.0,Complete,10.0,2.0,500.0,10000.0,0.5,0.0,10.0,-10.0,100.0,0.0,0.0,0.0,0.0,0.0,0.0,0.0,0.0,0.0,4.2283892140159525,5.213577361793726,-4.227853593656612,4.484933133396518,-236169087,3.8466448577219743,5.3554921720967625
0.05,1.0,Complete,10.0,2.0,500.0,10000.0,0.5,0.0,10.0,-10.0,100.0,0.0,0.0,0.0,0.0,0.0,0.0,0.0,0.0,0.0,4.238312489171819,5.113919288962143,-4.2423450492603205,4.4490424416949805,-1456195612,3.8595206724033093,5.253835131866857
0.05,1.0,Complete,10.0,2.0,500.0,10000.0,0.5,0.0,10.0,-10.0,100.0,0.0,0.0,0.0,0.0,0.0,0.0,0.0,0.0,0.0,4.231546821454331,5.099058749266124,-4.2322623633219525,4.476192098035588,-511158884,3.8517774476907167,5.239797901584821
0.1,1.0,Complete,10.0,2.0,500.0,10000.0,0.5,0.0,10.0,-10.0,100.0,0.0,0.0,0.0,0.0,0.0,0.0,0.0,0.0,0.0,4.533390364538846,3.899602215588309,-4.542182296777574,3.4438146912326704,863502441,3.9048417204958756,4.291262875920279
0.1,1.0,Complete,10.0,2.0,500.0,10000.0,0.5,0.0,10.0,-10.0,100.0,0.0,0.0,0.0,0.0,0.0,0.0,0.0,0.0,0.0,4.548156404019488,4.032094678058468,-4.570329701202898,3.473944487641685,736456815,3.9201559546984472,4.4469096845277996
0.1,1.0,Complete,10.0,2.0,500.0,10000.0,0.5,0.0,10.0,-10.0,100.0,0.0,0.0,0.0,0.0,0.0,0.0,0.0,0.0,0.0,4.539966933548449,3.930633551775621,-4.531832288290308,3.408490277814104,-1324621651,3.916270159365023,4.32990749028484
0.15000000000000002,1.0,Complete,10.0,2.0,500.0,10000.0,0.5,0.0,10.0,-10.0,100.0,0.0,0.0,0.0,0.0,0.0,0.0,0.0,0.0,0.0,4.666167385110286,3.3040653358529344,-4.662339082675484,2.913246693197845,-507376939,3.781062033120951,3.8997563014459384
0.15000000000000002,1.0,Complete,10.0,2.0,500.0,10000.0,0.5,0.0,10.0,-10.0,100.0,0.0,0.0,0.0,0.0,0.0,0.0,0.0,0.0,0.0,4.707095613230968,3.2978307726729983,-4.700571459306425,2.908443069680823,-769814058,3.8405637194779403,3.9355713302882216
0.15000000000000002,1.0,Complete,10.0,2.0,500.0,10000.0,0.5,0.0,10.0,-10.0,100.0,0.0,0.0,0.0,0.0,0.0,0.0,0.0,0.0,0.0,4.727047794643903,3.2470081178917054,-4.7182054515341365,2.9011297729632273,1386922804,3.8558459553052695,3.889566622275735
0.2,1.0,Complete,10.0,2.0,500.0,10000.0,0.5,0.0,10.0,-10.0,100.0,0.0,0.0,0.0,0.0,0.0,0.0,0.0,0.0,0.0,4.781380939588693,2.9649653094302293,-4.77647726085385,2.639913364029173,-407443379,3.6708096449838528,3.808996486184863
0.2,1.0,Complete,10.0,2.0,500.0,10000.0,0.5,0.0,10.0,-10.0,100.0,0.0,0.0,0.0,0.0,0.0,0.0,0.0,0.0,0.0,4.7566307609186,2.8386191649652046,-4.748860449957754,2.5740783372641496,-1748155104,3.631587383864029,3.6911967571658293
0.2,1.0,Complete,10.0,2.0,500.0,10000.0,0.5,0.0,10.0,-10.0,100.0,0.0,0.0,0.0,0.0,0.0,0.0,0.0,0.0,0.0,4.7692227017600635,2.8884445926235096,-4.793224644363981,2.5912282455365414,-707744152,3.652303987125431,3.7476161080261563
0.05,1.0,Complete,10.0,2.0,500.0,10000.0,0.5,1.0,10.0,-10.0,100.0,0.0,0.0,0.0,0.0,0.0,0.0,0.0,0.0,0.0,4.002836101217983,5.566075223628532,-4.029023098782048,4.159638469824485,86070719,3.6393297012179637,5.630293961679292
0.05,1.0,Complete,10.0,2.0,500.0,10000.0,0.5,1.0,10.0,-10.0,100.0,0.0,0.0,0.0,0.0,0.0,0.0,0.0,0.0,0.0,4.021512965014149,5.49419664179981,-4.012481434985842,4.166540782263196,1277897685,3.6536589650141456,5.542371140844132
0.05,1.0,Complete,10.0,2.0,500.0,10000.0,0.5,1.0,10.0,-10.0,100.0,0.0,0.0,0.0,0.0,0.0,0.0,0.0,0.0,0.0,4.028502603033567,5.475089964365032,-4.015584596966429,4.109020102890568,1022257013,3.66255300303357,5.5350629410636
0.1,1.0,Complete,10.0,2.0,500.0,10000.0,0.5,1.0,10.0,-10.0,100.0,0.0,0.0,0.0,0.0,0.0,0.0,0.0,0.0,0.0,4.444061606592883,4.091749773024345,-4.452493193407125,3.1034653044470852,1574920374,3.8339788065928615,4.430723863225806
0.1,1.0,Complete,10.0,2.0,500.0,10000.0,0.5,1.0,10.0,-10.0,100.0,0.0,0.0,0.0,0.0,0.0,0.0,0.0,0.0,0.0,4.4039939683124905,4.163209043178429,-4.424178431687532,3.183867123537137,-1885118371,3.7931599683124797,4.4987014501502
0.1,1.0,Complete,10.0,2.0,500.0,10000.0,0.5,1.0,10.0,-10.0,100.0,0.0,0.0,0.0,0.0,0.0,0.0,0.0,0.0,0.0,4.420617850359938,4.14610165871513,-4.4148997496400675,3.1275364999802866,-6842852,3.8057122503599152,4.498019661657538
0.15000000000000002,1.0,Complete,10.0,2.0,500.0,10000.0,0.5,1.0,10.0,-10.0,100.0,0.0,0.0,0.0,0.0,0.0,0.0,0.0,0.0,0.0,4.624618043119608,3.4270959037112574,-4.636327956880382,2.6688789734424097,489332318,3.7698820431196065,4.001637291656045
0.15000000000000002,1.0,Complete,10.0,2.0,500.0,10000.0,0.5,1.0,10.0,-10.0,100.0,0.0,0.0,0.0,0.0,0.0,0.0,0.0,0.0,0.0,4.639856797352959,3.523466110379788,-4.614152002647032,2.693033350792977,1245468419,3.783293997352974,4.111961738364033
0.15000000000000002,1.0,Complete,10.0,2.0,500.0,10000.0,0.5,1.0,10.0,-10.0,100.0,0.0,0.0,0.0,0.0,0.0,0.0,0.0,0.0,0.0,4.628170337119183,3.437869352517214,-4.618961262880813,2.7489375823082174,711536893,3.770504337119165,4.018878938989842
0.2,1.0,Complete,10.0,2.0,500.0,10000.0,0.5,1.0,10.0,-10.0,100.0,0.0,0.0,0.0,0.0,0.0,0.0,0.0,0.0,0.0,4.726906574826735,3.0712470126514857,-4.710307025173239,2.381615472279888,290492209,3.6231109748267385,3.887789096313088
0.2,1.0,Complete,10.0,2.0,500.0,10000.0,0.5,1.0,10.0,-10.0,100.0,0.0,0.0,0.0,0.0,0.0,0.0,0.0,0.0,0.0,4.717383621900168,3.0213729496551056,-4.721466378099788,2.385688611769625,-1879626194,3.612046421900204,3.8192915213140273
0.2,1.0,Complete,10.0,2.0,500.0,10000.0,0.5,1.0,10.0,-10.0,100.0,0.0,0.0,0.0,0.0,0.0,0.0,0.0,0.0,0.0,4.729823942149053,3.0397212547602592,-4.71934765785097,2.377371126567822,-703165743,3.622996742149038,3.87203976561712
0.25,1.0,Complete,10.0,2.0,500.0,10000.0,0.5,1.0,10.0,-10.0,100.0,0.0,0.0,0.0,0.0,0.0,0.0,0.0,0.0,0.0,4.7842268942497395,2.7030526292003265,-4.803791505750257,2.1463173504372643,860222821,3.433085694249745,3.718193920136665
0.25,1.0,Complete,10.0,2.0,500.0,10000.0,0.5,1.0,10.0,-10.0,100.0,0.0,0.0,0.0,0.0,0.0,0.0,0.0,0.0,0.0,4.783209496846033,2.6543324162460564,-4.798476103153963,2.1781525728957862,-96335646,3.429617896846025,3.703851688858136
0.25,1.0,Complete,10.0,2.0,500.0,10000.0,0.5,1.0,10.0,-10.0,100.0,0.0,0.0,0.0,0.0,0.0,0.0,0.0,0.0,0.0,4.818560057815425,2.7885492907903426,-4.804639942184558,2.1747122506503533,-871107835,3.472074057815414,3.8546672437045015
0.30000000000000004,1.0,Complete,10.0,2.0,500.0,10000.0,0.5,1.0,10.0,-10.0,100.0,0.0,0.0,0.0,0.0,0.0,0.0,0.0,0.0,0.0,4.839839903303173,2.4004005768053833,-4.844593296696827,2.0162873056746324,1323471245,3.2386503033031704,3.572166827421787
0.30000000000000004,1.0,Complete,10.0,2.0,500.0,10000.0,0.5,1.0,10.0,-10.0,100.0,0.0,0.0,0.0,0.0,0.0,0.0,0.0,0.0,0.0,4.8317384232840475,2.435359204038056,-4.856624776715957,2.0043224551882703,1815163632,3.2372768232840667,3.6606892096236376
0.30000000000000004,1.0,Complete,10.0,2.0,500.0,10000.0,0.5,1.0,10.0,-10.0,100.0,0.0,0.0,0.0,0.0,0.0,0.0,0.0,0.0,0.0,4.841681980477941,2.43103690928618,-4.857744819522092,1.9943004873383274,1079825605,3.2487931804779326,3.6372502728787866
0.35000000000000003,1.0,Complete,10.0,2.0,500.0,10000.0,0.5,1.0,10.0,-10.0,100.0,0.0,0.0,0.0,0.0,0.0,0.0,0.0,0.0,0.0,4.870719212682276,2.190892523312946,-4.886183187317701,1.8702684088180614,1243867099,3.0235696126822886,3.5823865578190497
0.35000000000000003,1.0,Complete,10.0,2.0,500.0,10000.0,0.5,1.0,10.0,-10.0,100.0,0.0,0.0,0.0,0.0,0.0,0.0,0.0,0.0,0.0,4.890342780658446,2.1954095537328793,-4.877586019341498,1.8207985580001953,1238883795,3.050515580658477,3.576155841099758
0.35000000000000003,1.0,Complete,10.0,2.0,500.0,10000.0,0.5,1.0,10.0,-10.0,100.0,0.0,0.0,0.0,0.0,0.0,0.0,0.0,0.0,0.0,4.882977980664004,2.2228510399006725,-4.880708819336003,1.8763073158379033,678388548,3.041177580664022,3.6330228215800626
0.4,1.0,Complete,10.0,2.0,500.0,10000.0,0.5,1.0,10.0,-10.0,100.0,0.0,0.0,0.0,0.0,0.0,0.0,0.0,0.0,0.0,4.904938448543403,1.9809803950399902,-4.9124187514565785,1.739406341697304,-921724577,2.814652048543392,3.4893205649902974
0.4,1.0,Complete,10.0,2.0,500.0,10000.0,0.5,1.0,10.0,-10.0,100.0,0.0,0.0,0.0,0.0,0.0,0.0,0.0,0.0,0.0,4.8989475710867785,1.9655146562741737,-4.915687628913202,1.7589022853915364,-700900461,2.8143155710867624,3.5002463689297247
0.4,1.0,Complete,10.0,2.0,500.0,10000.0,0.5,1.0,10.0,-10.0,100.0,0.0,0.0,0.0,0.0,0.0,0.0,0.0,0.0,0.0,4.934160656244359,2.0128767744196847,-4.935220943755656,1.7354101152251997,-1499746487,2.8643346562443797,3.5748435721005523
0.45,1.0,Complete,10.0,2.0,500.0,10000.0,0.5,1.0,10.0,-10.0,100.0,0.0,0.0,0.0,0.0,0.0,0.0,0.0,0.0,0.0,4.949859202497764,1.805897497284764,-4.912563597502207,1.611494512959049,-970836393,2.6177632024977617,3.467253168320796
0.45,1.0,Complete,10.0,2.0,500.0,10000.0,0.5,1.0,10.0,-10.0,100.0,0.0,0.0,0.0,0.0,0.0,0.0,0.0,0.0,0.0,4.939498239715352,1.8271429335623066,-4.927914560284696,1.5850772519181962,-616184912,2.6121282397153402,3.507524923722428
0.45,1.0,Complete,10.0,2.0,500.0,10000.0,0.5,1.0,10.0,-10.0,100.0,0.0,0.0,0.0,0.0,0.0,0.0,0.0,0.0,0.0,4.919164651180239,1.8088027142648766,-4.958223348819766,1.5910141962894089,-470783223,2.5965494511802576,3.4913508694338296
0.5,1.0,Complete,10.0,2.0,500.0,10000.0,0.5,1.0,10.0,-10.0,100.0,0.0,0.0,0.0,0.0,0.0,0.0,0.0,0.0,0.0,4.960773715525776,1.7130285667170295,-4.931733484474227,1.5170378779844427,137240130,2.3825173155257673,3.5630293694231683
0.5,1.0,Complete,10.0,2.0,500.0,10000.0,0.5,1.0,10.0,-10.0,100.0,0.0,0.0,0.0,0.0,0.0,0.0,0.0,0.0,0.0,4.939477521638391,1.729197643683649,-4.953788478361616,1.5269822464934966,-1672754660,2.3662815216383692,3.538548321040978
0.5,1.0,Complete,10.0,2.0,500.0,10000.0,0.5,1.0,10.0,-10.0,100.0,0.0,0.0,0.0,0.0,0.0,0.0,0.0,0.0,0.0,4.950556828699259,1.6893711852806528,-4.943697571300748,1.4863678377616623,-641495427,2.377060428699244,3.497277162592612
0.15000000000000002,1.0,Complete,10.0,2.0,500.0,10000.0,0.5,0.5,10.0,-10.0,100.0,0.0,0.0,0.0,0.0,0.0,0.0,0.0,0.0,0.0,4.655060484763767,3.382661139148182,-4.657964972524965,2.886029448326391,-2044964377,3.7892326765054314,3.9953066039110756
0.15000000000000002,1.0,Complete,10.0,2.0,500.0,10000.0,0.5,0.5,10.0,-10.0,100.0,0.0,0.0,0.0,0.0,0.0,0.0,0.0,0.0,0.0,4.659104849292051,3.298832189442424,-4.646454554917612,2.8013259706080142,-1107295249,3.791323439293736,3.90586185916593
0.15000000000000002,1.0,Complete,10.0,2.0,500.0,10000.0,0.5,0.5,10.0,-10.0,100.0,0.0,0.0,0.0,0.0,0.0,0.0,0.0,0.0,0.0,4.631105650051346,3.3404057088807773,-4.643738823678444,2.868990501548925,-319841445,3.767051724677725,3.949078295873491
0.2,1.0,Complete,10.0,2.0,500.0,10000.0,0.5,0.5,10.0,-10.0,100.0,0.0,0.0,0.0,0.0,0.0,0.0,0.0,0.0,0.0,4.766771924631853,3.0600009069743974,-4.747595476699146,2.5594485846286137,1706397235,3.665077296743667,3.93418507165866
0.2,1.0,Complete,10.0,2.0,500.0,10000.0,0.5,0.5,10.0,-10.0,100.0,0.0,0.0,0.0,0.0,0.0,0.0,0.0,0.0,0.0,4.757450097850503,2.937221459243672,-4.749560711161949,2.5184027783189684,-838865444,3.6461884617478026,3.734688959706407
0.2,1.0,Complete,10.0,2.0,500.0,10000.0,0.5,0.5,10.0,-10.0,100.0,0.0,0.0,0.0,0.0,0.0,0.0,0.0,0.0,0.0,4.762263692956421,2.9750151257886395,-4.756398229918603,2.4957184377909782,-2028541559,3.6528690939461215,3.80742902988455
0.25,1.0,Complete,10.0,2.0,500.0,10000.0,0.5,0.5,10.0,-10.0,100.0,0.0,0.0,0.0,0.0,0.0,0.0,0.0,0.0,0.0,4.797827543708174,2.6750075115252496,-4.823255027460295,2.27187905131789,-1398901506,3.4392679985578716,3.702200991041481
0.25,1.0,Complete,10.0,2.0,500.0,10000.0,0.5,0.5,10.0,-10.0,100.0,0.0,0.0,0.0,0.0,0.0,0.0,0.0,0.0,0.0,4.790760878537675,2.6134962276626483,-4.81425971035287,2.2967980302335462,-2088451023,3.430444816245528,3.639189761625838
0.25,1.0,Complete,10.0,2.0,500.0,10000.0,0.5,0.5,10.0,-10.0,100.0,0.0,0.0,0.0,0.0,0.0,0.0,0.0,0.0,0.0,4.8075255658246085,2.6748828468699544,-4.821243872652585,2.2823082204828724,-1734949156,3.4545242610435425,3.7350494229040967
0.30000000000000004,1.0,Complete,10.0,2.0,500.0,10000.0,0.5,0.5,10.0,-10.0,100.0,0.0,0.0,0.0,0.0,0.0,0.0,0.0,0.0,0.0,4.880530453499897,2.382884213597913,-4.872301338518434,2.12897955465475,859048739,3.284855703467908,3.608843356627953
0.30000000000000004,1.0,Complete,10.0,2.0,500.0,10000.0,0.5,0.5,10.0,-10.0,100.0,0.0,0.0,0.0,0.0,0.0,0.0,0.0,0.0,0.0,4.8600814216555595,2.401422940014463,-4.8426113715243,2.0660839889549814,471470927,3.2618514891385364,3.6230951916843197
0.30000000000000004,1.0,Complete,10.0,2.0,500.0,10000.0,0.5,0.5,10.0,-10.0,100.0,0.0,0.0,0.0,0.0,0.0,0.0,0.0,0.0,0.0,4.837472312002672,2.3872913837115743,-4.8451591353352095,2.0186694883262066,-1617320596,3.2383715790775573,3.603931848894605
0.35000000000000003,1.0,Complete,10.0,2.0,500.0,10000.0,0.5,0.5,10.0,-10.0,100.0,0.0,0.0,0.0,0.0,0.0,0.0,0.0,0.0,0.0,4.880548646503769,2.160779391854703,-4.882375849660471,1.8969494580215986,-226111810,3.033414496553052,3.5405144013865817
0.35000000000000003,1.0,Complete,10.0,2.0,500.0,10000.0,0.5,0.5,10.0,-10.0,100.0,0.0,0.0,0.0,0.0,0.0,0.0,0.0,0.0,0.0,4.878510486424703,2.2187608855628613,-4.883612684698811,1.9496052252443443,-1127747785,3.0297645470375696,3.5695558657417186
0.35000000000000003,1.0,Complete,10.0,2.0,500.0,10000.0,0.5,0.5,10.0,-10.0,100.0,0.0,0.0,0.0,0.0,0.0,0.0,0.0,0.0,0.0,4.906085245808619,2.1904920883543615,-4.896322142692954,1.9205840517727277,884475083,3.067338023821257,3.5998524991505514
0.4,1.0,Complete,10.0,2.0,500.0,10000.0,0.5,0.5,10.0,-10.0,100.0,0.0,0.0,0.0,0.0,0.0,0.0,0.0,0.0,0.0,4.928792914391689,1.9748780826943866,-4.9154260647798855,1.7788798575187634,817742604,2.831184573880055,3.5167628400627016
0.4,1.0,Complete,10.0,2.0,500.0,10000.0,0.5,0.5,10.0,-10.0,100.0,0.0,0.0,0.0,0.0,0.0,0.0,0.0,0.0,0.0,4.922941878705188,1.928049179966085,-4.904356242903744,1.799534821015016,1269076536,2.8277240321352077,3.5092993614144703
0.4,1.0,Complete,10.0,2.0,500.0,10000.0,0.5,0.5,10.0,-10.0,100.0,0.0,0.0,0.0,0.0,0.0,0.0,0.0,0.0,0.0,4.907799085882194,1.9943509940709183,-4.921836275291111,1.749827047101604,-687235119,2.827460146494197,3.5855278975689644
0.45,1.0,Complete,10.0,2.0,500.0,10000.0,0.5,0.5,10.0,-10.0,100.0,0.0,0.0,0.0,0.0,0.0,0.0,0.0,0.0,0.0,4.952356503745365,1.821474725057044,-4.944623168337709,1.6343266183400127,1845434722,2.624237061921209,3.4893056122723443
0.45,1.0,Complete,10.0,2.0,500.0,10000.0,0.5,0.5,10.0,-10.0,100.0,0.0,0.0,0.0,0.0,0.0,0.0,0.0,0.0,0.0,4.938500973091277,1.8816848110577822,-4.920345951197398,1.6359401338047743,1281599106,2.603782581476105,3.6178325684041477
0.45,1.0,Complete,10.0,2.0,500.0,10000.0,0.5,0.5,10.0,-10.0,100.0,0.0,0.0,0.0,0.0,0.0,0.0,0.0,0.0,0.0,4.931269254804221,1.8160499171111422,-4.917198287172239,1.6581705154924533,834470694,2.581467658703363,3.526520800566271
0.5,1.0,Complete,10.0,2.0,500.0,10000.0,0.5,0.5,10.0,-10.0,100.0,0.0,0.0,0.0,0.0,0.0,0.0,0.0,0.0,0.0,4.947504925726527,1.7064166504182579,-4.935056261842492,1.5393301959270258,-465979051,2.3692682741246114,3.529927415303427
0.5,1.0,Complete,10.0,2.0,500.0,10000.0,0.5,0.5,10.0,-10.0,100.0,0.0,0.0,0.0,0.0,0.0,0.0,0.0,0.0,0.0,4.9599882925336924,1.7006226605968937,-4.924485273210253,1.5120653744894412,-1041506102,2.394275201078428,3.5418509024532394
0.5,1.0,Complete,10.0,2.0,500.0,10000.0,0.5,0.5,10.0,-10.0,100.0,0.0,0.0,0.0,0.0,0.0,0.0,0.0,0.0,0.0,4.960866378798457,1.6805003462091244,-4.938615473776248,1.4895599722211388,1183669125,2.3876778556448137,3.4891309140723927
0.0,1.0,Complete,10.0,2.0,500.0,10000.0,0.5,1.0,10.0,10.0,100.0,0.0,0.0,0.0,0.0,0.0,0.0,0.0,0.0,0.0,4.399448769013471,26.21964089763414,4.399448769013472,26.21964089763414,317493910,4.399448769013472,26.21964089763414
0.0,1.0,Complete,10.0,2.0,500.0,10000.0,0.5,1.0,10.0,10.0,100.0,0.0,0.0,0.0,0.0,0.0,0.0,0.0,0.0,0.0,4.484212469162823,26.452177404043727,4.484212469162823,26.452177404043727,-1495954444,4.484212469162822,26.452177404043727
0.0,1.0,Complete,10.0,2.0,500.0,10000.0,0.5,1.0,10.0,10.0,100.0,0.0,0.0,0.0,0.0,0.0,0.0,0.0,0.0,0.0,4.509815213120336,26.535296953746524,4.509815213120336,26.535296953746524,1961450289,4.509815213120336,26.535296953746524
0.05,1.0,Complete,10.0,2.0,500.0,10000.0,0.5,1.0,10.0,10.0,100.0,0.0,0.0,0.0,0.0,0.0,0.0,0.0,0.0,0.0,7.861547146860532,11.298571210146465,7.861547146860532,11.298571210146466,-206835745,7.861547146860532,11.298571210146466
0.05,1.0,Complete,10.0,2.0,500.0,10000.0,0.5,1.0,10.0,10.0,100.0,0.0,0.0,0.0,0.0,0.0,0.0,0.0,0.0,0.0,7.888338413666569,11.24149369203276,7.888338413666569,11.24149369203276,431180786,7.888338413666569,11.241493692032762
0.05,1.0,Complete,10.0,2.0,500.0,10000.0,0.5,1.0,10.0,10.0,100.0,0.0,0.0,0.0,0.0,0.0,0.0,0.0,0.0,0.0,7.880339823928877,11.462195844159973,7.880339823928878,11.462195844159972,-433934539,7.880339823928877,11.462195844159972
0.4,1.0,Complete,10.0,2.0,500.0,10000.0,0.5,-0.5,10.0,10.0,100.0,0.0,0.0,0.0,0.0,0.0,0.0,0.0,0.0,0.0,7.875232440060723,1.579508681470046,7.865074877734402,1.6430064818872125,-1460722160,7.86733275973359,1.6107748582903387
0.4,1.0,Complete,10.0,2.0,500.0,10000.0,0.5,-0.5,10.0,10.0,100.0,0.0,0.0,0.0,0.0,0.0,0.0,0.0,0.0,0.0,7.872757064273405,1.6724087021094092,7.86073374334243,1.6306049839609524,-1554379659,7.8647100371186305,1.6547207568006184
0.4,1.0,Complete,10.0,2.0,500.0,10000.0,0.5,-0.5,10.0,10.0,100.0,0.0,0.0,0.0,0.0,0.0,0.0,0.0,0.0,0.0,7.866217578251306,1.6324512579928956,7.874097727979558,1.666243300877368,-1981628937,7.847965749898415,1.6455226757521726
0.45,1.0,Complete,10.0,2.0,500.0,10000.0,0.5,-0.5,10.0,10.0,100.0,0.0,0.0,0.0,0.0,0.0,0.0,0.0,0.0,0.0,7.644577188698563,1.604178079350732,7.6285667443063065,1.5912071750754153,1025548350,7.619992577595055,1.579572271512449
0.45,1.0,Complete,10.0,2.0,500.0,10000.0,0.5,-0.5,10.0,10.0,100.0,0.0,0.0,0.0,0.0,0.0,0.0,0.0,0.0,0.0,7.658244279520324,1.5458740661826083,7.605590122815326,1.5654317446920307,-2144482955,7.628424014170729,1.5793625044052897
0.45,1.0,Complete,10.0,2.0,500.0,10000.0,0.5,-0.5,10.0,10.0,100.0,0.0,0.0,0.0,0.0,0.0,0.0,0.0,0.0,0.0,7.630874969932409,1.5973299158001886,7.617928376854899,1.5816364608328994,1600811790,7.627140250926402,1.5780300008393326
0.5,1.0,Complete,10.0,2.0,500.0,10000.0,0.5,-0.5,10.0,10.0,100.0,0.0,0.0,0.0,0.0,0.0,0.0,0.0,0.0,0.0,7.403917526686437,1.5587703509804332,7.372513958427824,1.5208393543301528,1869554368,7.38830594291076,1.5292117882265857
0.5,1.0,Complete,10.0,2.0,500.0,10000.0,0.5,-0.5,10.0,10.0,100.0,0.0,0.0,0.0,0.0,0.0,0.0,0.0,0.0,0.0,7.383877121115337,1.4905837487918747,7.410006378090642,1.5223665425280488,1307008685,7.394741963191422,1.5223422517422778
0.5,1.0,Complete,10.0,2.0,500.0,10000.0,0.5,-0.5,10.0,10.0,100.0,0.0,0.0,0.0,0.0,0.0,0.0,0.0,0.0,0.0,7.371989943708568,1.5338731870092919,7.397941118659292,1.552303570780711,-13562485,7.378276700403463,1.5583468496171744
0.0,1.0,Complete,10.0,2.0,500.0,10000.0,0.5,-0.5,10.0,-10.0,100.0,0.0,0.0,0.0,0.0,0.0,0.0,0.0,0.0,0.0,2.8859516551522635,8.432892461983899,-2.9020133274177415,7.99235358925159,-755823868,2.7741125838955627,8.268675076421706
0.0,1.0,Complete,10.0,2.0,500.0,10000.0,0.5,-0.5,10.0,-10.0,100.0,0.0,0.0,0.0,0.0,0.0,0.0,0.0,0.0,0.0,2.873008884279591,8.626032988737416,-2.882516372286811,8.120906650731506,-1614146763,2.760499459641954,8.463240185536222
0.0,1.0,Complete,10.0,2.0,500.0,10000.0,0.5,-0.5,10.0,-10.0,100.0,0.0,0.0,0.0,0.0,0.0,0.0,0.0,0.0,0.0,2.9200674429976092,8.657734186232537,-2.9040576349006804,8.047122449700204,640762579,2.804564664508573,8.493921567791592
0.05,1.0,Complete,10.0,2.0,500.0,10000.0,0.5,-0.5,10.0,-10.0,100.0,0.0,0.0,0.0,0.0,0.0,0.0,0.0,0.0,0.0,4.386705498326496,4.580613601654405,-4.382878348812597,4.1747921912743395,1698995962,3.985131268960554,4.866583548011835
0.05,1.0,Complete,10.0,2.0,500.0,10000.0,0.5,-0.5,10.0,-10.0,100.0,0.0,0.0,0.0,0.0,0.0,0.0,0.0,0.0,0.0,4.41904597566545,4.519970029001846,-4.428889782890396,4.212795433957767,-1269795788,4.0217994449268675,4.758616227749832
0.05,1.0,Complete,10.0,2.0,500.0,10000.0,0.5,-0.5,10.0,-10.0,100.0,0.0,0.0,0.0,0.0,0.0,0.0,0.0,0.0,0.0,4.4410763978941965,4.581163510426427,-4.431115163740584,4.221221409882909,1959460402,4.038765752410898,4.829210156266817
0.1,1.0,Complete,10.0,2.0,500.0,10000.0,0.5,-0.5,10.0,-10.0,100.0,0.0,0.0,0.0,0.0,0.0,0.0,0.0,0.0,0.0,4.664240057795906,3.5629541904763675,-4.669340619560473,3.3360753805922636,-571089037,4.025834055024725,4.039572583184475
0.1,1.0,Complete,10.0,2.0,500.0,10000.0,0.5,-0.5,10.0,-10.0,100.0,0.0,0.0,0.0,0.0,0.0,0.0,0.0,0.0,0.0,4.708828260363196,3.613026118251492,-4.712335437741534,3.425892565549593,770459456,4.06805270034739,4.141997966594107
0.1,1.0,Complete,10.0,2.0,500.0,10000.0,0.5,-0.5,10.0,-10.0,100.0,0.0,0.0,0.0,0.0,0.0,0.0,0.0,0.0,0.0,4.677353394013534,3.6003185894300196,-4.673039305255988,3.3678437108031374,1964949036,4.0345757759620895,4.0744852802740485
0.15000000000000002,1.0,Complete,10.0,2.0,500.0,10000.0,0.5,-0.5,10.0,-10.0,100.0,0.0,0.0,0.0,0.0,0.0,0.0,0.0,0.0,0.0,4.797789232705473,3.1806410183150655,-4.787268955649085,2.99243496019288,318374157,3.913357759551389,3.8814063549554247
0.15000000000000002,1.0,Complete,10.0,2.0,500.0,10000.0,0.5,-0.5,10.0,-10.0,100.0,0.0,0.0,0.0,0.0,0.0,0.0,0.0,0.0,0.0,4.762048655691633,3.106341230671189,-4.764272542874112,2.936381916457341,-466825877,3.872235897842433,3.8313008241274185
0.15000000000000002,1.0,Complete,10.0,2.0,500.0,10000.0,0.5,-0.5,10.0,-10.0,100.0,0.0,0.0,0.0,0.0,0.0,0.0,0.0,0.0,0.0,4.739465832341427,3.1533324184801206,-4.754197692265403,2.979057553982069,-1724925684,3.8421847920142325,3.8681828177542923
0.2,1.0,Complete,10.0,2.0,500.0,10000.0,0.5,-0.5,10.0,-10.0,100.0,0.0,0.0,0.0,0.0,0.0,0.0,0.0,0.0,0.0,4.818294028720927,2.809986117898322,-4.802147212559941,2.606817707167018,-1503920386,3.6817974586662356,3.692920979780385
0.2,1.0,Complete,10.0,2.0,500.0,10000.0,0.5,-0.5,10.0,-10.0,100.0,0.0,0.0,0.0,0.0,0.0,0.0,0.0,0.0,0.0,4.86021505449947,2.737544046229277,-4.861081279511325,2.5768146130264573,-100009811,3.746554157590373,3.6240945071298873
0.2,1.0,Complete,10.0,2.0,500.0,10000.0,0.5,-0.5,10.0,-10.0,100.0,0.0,0.0,0.0,0.0,0.0,0.0,0.0,0.0,0.0,4.81756433506981,2.746002141292111,-4.825422134886651,2.600047819750192,1847720807,3.6897671331197204,3.662843035021807
0.25,1.0,Complete,10.0,2.0,500.0,10000.0,0.5,-0.5,10.0,-10.0,100.0,0.0,0.0,0.0,0.0,0.0,0.0,0.0,0.0,0.0,4.893433835016663,2.5322825825079365,-4.887955308628431,2.3915343420514996,-298587248,3.511661650282155,3.6535852801075777
0.25,1.0,Complete,10.0,2.0,500.0,10000.0,0.5,-0.5,10.0,-10.0,100.0,0.0,0.0,0.0,0.0,0.0,0.0,0.0,0.0,0.0,4.874368434367129,2.4978208101034696,-4.873246132857141,2.419425493600252,1444726581,3.5169424750773897,3.573507841520607
0.25,1.0,Complete,10.0,2.0,500.0,10000.0,0.5,-0.5,10.0,-10.0,100.0,0.0,0.0,0.0,0.0,0.0,0.0,0.0,0.0,0.0,4.902757346742038,2.5375289737185094,-4.89465964778961,2.401162060243036,161354776,3.54154115805115,3.644658083301577
0.30000000000000004,1.0,Complete,10.0,2.0,500.0,10000.0,0.5,-0.5,10.0,-10.0,100.0,0.0,0.0,0.0,0.0,0.0,0.0,0.0,0.0,0.0,4.917005747509299,2.249504385438326,-4.927063120568804,2.118592173624696,-1131378110,3.289284998560483,3.557016845441907
0.30000000000000004,1.0,Complete,10.0,2.0,500.0,10000.0,0.5,-0.5,10.0,-10.0,100.0,0.0,0.0,0.0,0.0,0.0,0.0,0.0,0.0,0.0,4.918067957787732,2.2286633833663316,-4.918315673072037,2.1415522153365734,-467542874,3.3068080345894355,3.5062763059879876
0.30000000000000004,1.0,Complete,10.0,2.0,500.0,10000.0,0.5,-0.5,10.0,-10.0,100.0,0.0,0.0,0.0,0.0,0.0,0.0,0.0,0.0,0.0,4.915068391425707,2.2645601516707883,-4.910366749914352,2.1482983868018923,-1181520616,3.3004611054158777,3.6180895636642476
0.1,1.0,Complete,10.0,2.0,500.0,10000.0,0.5,1.0,10.0,10.0,100.0,0.0,0.0,0.0,0.0,0.0,0.0,0.0,0.0,0.0,8.360781436584608,6.8111099456074395,8.360781436584606,6.8111099456074395,1743138308,8.36078143658461,6.811109945607442
0.1,1.0,Complete,10.0,2.0,500.0,10000.0,0.5,1.0,10.0,10.0,100.0,0.0,0.0,0.0,0.0,0.0,0.0,0.0,0.0,0.0,8.373024846985162,6.700211893673843,8.373024846985162,6.700211893673842,1128165549,8.373024846985162,6.700211893673843
0.1,1.0,Complete,10.0,2.0,500.0,10000.0,0.5,1.0,10.0,10.0,100.0,0.0,0.0,0.0,0.0,0.0,0.0,0.0,0.0,0.0,8.359254956336898,6.665919676607124,8.359254956336898,6.665919676607124,-1149722824,8.359254956336898,6.665919676607124
0.15000000000000002,1.0,Complete,10.0,2.0,500.0,10000.0,0.5,1.0,10.0,10.0,100.0,0.0,0.0,0.0,0.0,0.0,0.0,0.0,0.0,0.0,8.454454520024104,4.698726469465646,8.454454520024104,4.698726469465645,1960604173,8.454454520024106,4.6987264694656465
0.15000000000000002,1.0,Complete,10.0,2.0,500.0,10000.0,0.5,1.0,10.0,10.0,100.0,0.0,0.0,0.0,0.0,0.0,0.0,0.0,0.0,0.0,8.497221160868888,4.492594659761018,8.497221160868888,4.492594659761019,-1180990413,8.497221160868888,4.492594659761019
0.15000000000000002,1.0,Complete,10.0,2.0,500.0,10000.0,0.5,1.0,10.0,10.0,100.0,0.0,0.0,0.0,0.0,0.0,0.0,0.0,0.0,0.0,8.512779891602387,4.51905680276003,8.512779891602387,4.51905680276003,1196293561,8.512779891602387,4.51905680276003
0.2,1.0,Complete,10.0,2.0,500.0,10000.0,0.5,1.0,10.0,10.0,100.0,0.0,0.0,0.0,0.0,0.0,0.0,0.0,0.0,0.0,8.411486922984391,3.4564146450332895,8.411486922984391,3.4564146450332895,847083567,8.411486922984391,3.4564146450332887
0.2,1.0,Complete,10.0,2.0,500.0,10000.0,0.5,1.0,10.0,10.0,100.0,0.0,0.0,0.0,0.0,0.0,0.0,0.0,0.0,0.0,8.415082124591967,3.484899335469677,8.415082124591963,3.4848993354696747,-599627322,8.415082124591965,3.484899335469676
0.2,1.0,Complete,10.0,2.0,500.0,10000.0,0.5,1.0,10.0,10.0,100.0,0.0,0.0,0.0,0.0,0.0,0.0,0.0,0.0,0.0,8.415340189367488,3.5236685162493533,8.415340189367488,3.523668516249354,1392373872,8.415340189367488,3.5236685162493533
0.25,1.0,Complete,10.0,2.0,500.0,10000.0,0.5,1.0,10.0,10.0,100.0,0.0,0.0,0.0,0.0,0.0,0.0,0.0,0.0,0.0,8.29216502123216,2.871867178710033,8.292165021232158,2.871867178710034,240517393,8.29216502123216,2.8718671787100334
0.25,1.0,Complete,10.0,2.0,500.0,10000.0,0.5,1.0,10.0,10.0,100.0,0.0,0.0,0.0,0.0,0.0,0.0,0.0,0.0,0.0,8.280822231413474,2.968985098713969,8.280822231413474,2.9689850987139685,-986981654,8.280822231413474,2.9689850987139685
0.25,1.0,Complete,10.0,2.0,500.0,10000.0,0.5,1.0,10.0,10.0,100.0,0.0,0.0,0.0,0.0,0.0,0.0,0.0,0.0,0.0,8.282904007912826,2.9456547814966005,8.282904007912826,2.9456547814966005,-980188000,8.282904007912826,2.945654781496601
0.30000000000000004,1.0,Complete,10.0,2.0,500.0,10000.0,0.5,1.0,10.0,10.0,100.0,0.0,0.0,0.0,0.0,0.0,0.0,0.0,0.0,0.0,8.158309081139556,2.5005141651379525,8.158309081139556,2.5005141651379525,-1136768298,8.158309081139556,2.5005141651379525
0.30000000000000004,1.0,Complete,10.0,2.0,500.0,10000.0,0.5,1.0,10.0,10.0,100.0,0.0,0.0,0.0,0.0,0.0,0.0,0.0,0.0,0.0,8.125081587695908,2.4394862852443273,8.125081587695908,2.439486285244327,2058358223,8.125081587695908,2.439486285244328
0.30000000000000004,1.0,Complete,10.0,2.0,500.0,10000.0,0.5,1.0,10.0,10.0,100.0,0.0,0.0,0.0,0.0,0.0,0.0,0.0,0.0,0.0,8.13313517591308,2.5262028543775656,8.13313517591308,2.5262028543775656,-941650711,8.133135175913083,2.5262028543775674
0.35000000000000003,1.0,Complete,10.0,2.0,500.0,10000.0,0.5,1.0,10.0,10.0,100.0,0.0,0.0,0.0,0.0,0.0,0.0,0.0,0.0,0.0,7.950775152656931,2.145193318079177,7.950775152656931,2.145193318079177,-207838729,7.950775152656931,2.145193318079177
0.35000000000000003,1.0,Complete,10.0,2.0,500.0,10000.0,0.5,1.0,10.0,10.0,100.0,0.0,0.0,0.0,0.0,0.0,0.0,0.0,0.0,0.0,7.943837998623923,2.204088610360316,7.943837998623923,2.204088610360316,-946669458,7.943837998623925,2.2040886103603152
0.35000000000000003,1.0,Complete,10.0,2.0,500.0,10000.0,0.5,1.0,10.0,10.0,100.0,0.0,0.0,0.0,0.0,0.0,0.0,0.0,0.0,0.0,7.958437827558229,2.1485228928693094,7.958437827558227,2.1485228928693085,-2003590146,7.958437827558227,2.1485228928693076
0.4,1.0,Complete,10.0,2.0,500.0,10000.0,0.5,1.0,10.0,10.0,100.0,0.0,0.0,0.0,0.0,0.0,0.0,0.0,0.0,0.0,7.763900606404976,1.9891742663975231,7.7639006064049765,1.9891742663975234,-1315419366,7.763900606404976,1.9891742663975227
0.4,1.0,Complete,10.0,2.0,500.0,10000.0,0.5,1.0,10.0,10.0,100.0,0.0,0.0,0.0,0.0,0.0,0.0,0.0,0.0,0.0,7.763264046382402,2.0078918436337347,7.763264046382402,2.0078918436337347,-1633811250,7.763264046382402,2.007891843633734
0.4,1.0,Complete,10.0,2.0,500.0,10000.0,0.5,1.0,10.0,10.0,100.0,0.0,0.0,0.0,0.0,0.0,0.0,0.0,0.0,0.0,7.76396641569479,1.9460975985762898,7.763966415694788,1.9460975985762894,1212350493,7.76396641569479,1.9460975985762905
0.45,1.0,Complete,10.0,2.0,500.0,10000.0,0.5,1.0,10.0,10.0,100.0,0.0,0.0,0.0,0.0,0.0,0.0,0.0,0.0,0.0,7.558409883650923,1.8619155186236238,7.558409883650923,1.8619155186236243,459518124,7.558409883650923,1.8619155186236236
0.45,1.0,Complete,10.0,2.0,500.0,10000.0,0.5,1.0,10.0,10.0,100.0,0.0,0.0,0.0,0.0,0.0,0.0,0.0,0.0,0.0,7.543723437414056,1.8516468720346473,7.543723437414056,1.8516468720346464,1670389260,7.543723437414056,1.8516468720346468
0.45,1.0,Complete,10.0,2.0,500.0,10000.0,0.5,1.0,10.0,10.0,100.0,0.0,0.0,0.0,0.0,0.0,0.0,0.0,0.0,0.0,7.55995404795822,1.8727687282205114,7.55995404795822,1.872768728220511,-1608920327,7.55995404795822,1.872768728220511
0.5,1.0,Complete,10.0,2.0,500.0,10000.0,0.5,1.0,10.0,10.0,100.0,0.0,0.0,0.0,0.0,0.0,0.0,0.0,0.0,0.0,7.2937329491158405,1.714888681486824,7.2937329491158405,1.7148886814868234,15875115,7.2937329491158405,1.7148886814868238
0.5,1.0,Complete,10.0,2.0,500.0,10000.0,0.5,1.0,10.0,10.0,100.0,0.0,0.0,0.0,0.0,0.0,0.0,0.0,0.0,0.0,7.3272493704048856,1.7128912957186309,7.3272493704048856,1.7128912957186309,24268159,7.327249370404885,1.7128912957186315
0.5,1.0,Complete,10.0,2.0,500.0,10000.0,0.5,1.0,10.0,10.0,100.0,0.0,0.0,0.0,0.0,0.0,0.0,0.0,0.0,0.0,7.330787407397327,1.7332822908373318,7.330787407397327,1.7332822908373315,-66396678,7.330787407397327,1.7332822908373315
0.0,1.0,Complete,10.0,2.0,500.0,10000.0,0.5,1.0,10.0,-10.0,100.0,0.0,0.0,0.0,0.0,0.0,0.0,0.0,0.0,0.0,1.9867111784432494,8.210113650117192,-1.9860688215567597,7.0087203968258365,1190671924,1.896020378443238,7.793753945327785
0.0,1.0,Complete,10.0,2.0,500.0,10000.0,0.5,1.0,10.0,-10.0,100.0,0.0,0.0,0.0,0.0,0.0,0.0,0.0,0.0,0.0,1.9714009960698353,8.010513030421604,-1.9699246039301692,6.888033905497464,-228083791,1.8788433960698283,7.5950701428078204
0.0,1.0,Complete,10.0,2.0,500.0,10000.0,0.5,1.0,10.0,-10.0,100.0,0.0,0.0,0.0,0.0,0.0,0.0,0.0,0.0,0.0,1.9918051303570246,8.175389681172971,-1.9911300696429597,6.908400523822494,1212147485,1.8992983303570277,7.763242560262946
0.35000000000000003,1.0,Complete,10.0,2.0,500.0,10000.0,0.5,-0.5,10.0,-10.0,100.0,0.0,0.0,0.0,0.0,0.0,0.0,0.0,0.0,0.0,4.910651335461065,2.1234134283351978,-4.927069142167766,2.0532046421780796,-431867972,3.050363035599402,3.64169534097283
0.35000000000000003,1.0,Complete,10.0,2.0,500.0,10000.0,0.5,-0.5,10.0,-10.0,100.0,0.0,0.0,0.0,0.0,0.0,0.0,0.0,0.0,0.0,4.923902830904239,2.054334811904531,-4.924464351786492,1.9552759148496188,-839162529,3.0653436515838943,3.5376361849544926
0.35000000000000003,1.0,Complete,10.0,2.0,500.0,10000.0,0.5,-0.5,10.0,-10.0,100.0,0.0,0.0,0.0,0.0,0.0,0.0,0.0,0.0,0.0,4.935363339800744,2.086804466931489,-4.9241096330127165,2.0136882866682058,1747378055,3.0680008336960074,3.5077846751292077
0.4,1.0,Complete,10.0,2.0,500.0,10000.0,0.5,-0.5,10.0,-10.0,100.0,0.0,0.0,0.0,0.0,0.0,0.0,0.0,0.0,0.0,4.931387373802884,1.9125444455475498,-4.9293928020343145,1.8976066192077268,2023040790,2.839728670747468,3.5572754823849686
0.4,1.0,Complete,10.0,2.0,500.0,10000.0,0.5,-0.5,10.0,-10.0,100.0,0.0,0.0,0.0,0.0,0.0,0.0,0.0,0.0,0.0,4.958953335645878,1.9277383522851603,-4.955389340773949,1.8194759231841806,-1098910394,2.8469651926803294,3.495597564693116
0.4,1.0,Complete,10.0,2.0,500.0,10000.0,0.5,-0.5,10.0,-10.0,100.0,0.0,0.0,0.0,0.0,0.0,0.0,0.0,0.0,0.0,4.950184390107324,1.9376305796014566,-4.940759922046614,1.8583131309724406,-2123709524,2.8383891421257847,3.579870322302514
0.45,1.0,Complete,10.0,2.0,500.0,10000.0,0.5,-0.5,10.0,-10.0,100.0,0.0,0.0,0.0,0.0,0.0,0.0,0.0,0.0,0.0,4.980282928921393,1.7506122610227763,-4.960583539215499,1.6977563170120626,767963111,2.636075345856985,3.5018375513779394
0.45,1.0,Complete,10.0,2.0,500.0,10000.0,0.5,-0.5,10.0,-10.0,100.0,0.0,0.0,0.0,0.0,0.0,0.0,0.0,0.0,0.0,4.967052250597582,1.7643555024203894,-4.955773152039786,1.7146908963401675,342727831,2.637569429486514,3.4782868952218235
0.45,1.0,Complete,10.0,2.0,500.0,10000.0,0.5,-0.5,10.0,-10.0,100.0,0.0,0.0,0.0,0.0,0.0,0.0,0.0,0.0,0.0,4.961512490044856,1.7748375899793558,-4.976589688798898,1.7032855724900018,-2146738737,2.634733202536801,3.5128141496610437
0.5,1.0,Complete,10.0,2.0,500.0,10000.0,0.5,-0.5,10.0,-10.0,100.0,0.0,0.0,0.0,0.0,0.0,0.0,0.0,0.0,0.0,4.980149289400152,1.6034913475404666,-4.969483185234374,1.5849753217063662,-1567491278,2.4029887431130144,3.4771883398131154
0.5,1.0,Complete,10.0,2.0,500.0,10000.0,0.5,-0.5,10.0,-10.0,100.0,0.0,0.0,0.0,0.0,0.0,0.0,0.0,0.0,0.0,4.976399733254388,1.641331767743178,-4.977358800255636,1.5788169243685786,-511578333,2.380088971864643,3.522535447732206
0.5,1.0,Complete,10.0,2.0,500.0,10000.0,0.5,-0.5,10.0,-10.0,100.0,0.0,0.0,0.0,0.0,0.0,0.0,0.0,0.0,0.0,4.97119838841854,1.6166012387495436,-4.955589041509261,1.563108238000367,1708205917,2.3948626059731817,3.5154328933862278
0.0,1.0,Complete,10.0,2.0,500.0,10000.0,0.5,0.0,10.0,10.0,100.0,0.0,0.0,0.0,0.0,0.0,0.0,0.0,0.0,0.0,7.307692823871785,20.716228343060845,7.259390096635607,20.519656986395773,-706209305,7.273890636417915,20.697018525675702
0.0,1.0,Complete,10.0,2.0,500.0,10000.0,0.5,0.0,10.0,10.0,100.0,0.0,0.0,0.0,0.0,0.0,0.0,0.0,0.0,0.0,7.296866258881413,20.319445050170255,7.319356711205484,20.432883686139608,-485993144,7.307444150527989,20.48345470634317
0.0,1.0,Complete,10.0,2.0,500.0,10000.0,0.5,0.0,10.0,10.0,100.0,0.0,0.0,0.0,0.0,0.0,0.0,0.0,0.0,0.0,7.377688743582409,20.154238017728108,7.383445308168046,20.20758830235292,-656857507,7.383314481848656,20.332492356002327
0.05,1.0,Complete,10.0,2.0,500.0,10000.0,0.5,0.0,10.0,10.0,100.0,0.0,0.0,0.0,0.0,0.0,0.0,0.0,0.0,0.0,9.21262596753219,3.4863908433811295,9.210525315144887,3.4839142330685378,192056038,9.209876778761071,3.4826540976047835
0.05,1.0,Complete,10.0,2.0,500.0,10000.0,0.5,0.0,10.0,10.0,100.0,0.0,0.0,0.0,0.0,0.0,0.0,0.0,0.0,0.0,9.213917285779962,3.5731626296297296,9.236893507049505,3.536234372858431,-816017086,9.231346784648515,3.5588239256532557
0.05,1.0,Complete,10.0,2.0,500.0,10000.0,0.5,0.0,10.0,10.0,100.0,0.0,0.0,0.0,0.0,0.0,0.0,0.0,0.0,0.0,9.226467271944578,3.6084934737875525,9.202023460492086,3.6299995990083826,-959034793,9.206715932645999,3.645593078462917
0.1,1.0,Complete,10.0,2.0,500.0,10000.0,0.5,0.0,10.0,10.0,100.0,0.0,0.0,0.0,0.0,0.0,0.0,0.0,0.0,0.0,9.137797574758348,2.517974143319189,9.153399128204608,2.490804560049925,-656187750,9.14236606200417,2.474949913571185
0.1,1.0,Complete,10.0,2.0,500.0,10000.0,0.5,0.0,10.0,10.0,100.0,0.0,0.0,0.0,0.0,0.0,0.0,0.0,0.0,0.0,9.152375764055416,2.442667171166821,9.128209686689896,2.516178115886776,-1804749163,9.149215063022003,2.5219348308663316
0.1,1.0,Complete,10.0,2.0,500.0,10000.0,0.5,0.0,10.0,10.0,100.0,0.0,0.0,0.0,0.0,0.0,0.0,0.0,0.0,0.0,9.149547319566807,2.427040626000512,9.151641333171355,2.5245096843765102,-1662483517,9.137708833144993,2.500915222681182
0.15000000000000002,1.0,Complete,10.0,2.0,500.0,10000.0,0.5,0.0,10.0,10.0,100.0,0.0,0.0,0.0,0.0,0.0,0.0,0.0,0.0,0.0,8.955669627941301,2.2410627148532023,8.98023118574696,2.2077457186286287,-396166941,8.963980526946738,2.2112039987454644
0.15000000000000002,1.0,Complete,10.0,2.0,500.0,10000.0,0.5,0.0,10.0,10.0,100.0,0.0,0.0,0.0,0.0,0.0,0.0,0.0,0.0,0.0,8.98410720207815,2.201756953150127,8.969407199028643,2.1612173037965805,15154251,8.981222268025554,2.170325957463149
0.15000000000000002,1.0,Complete,10.0,2.0,500.0,10000.0,0.5,0.0,10.0,10.0,100.0,0.0,0.0,0.0,0.0,0.0,0.0,0.0,0.0,0.0,8.951991060012396,2.234819925502983,8.954355149983739,2.2031180276915885,503813932,8.950245254090218,2.201376468937581
0.2,1.0,Complete,10.0,2.0,500.0,10000.0,0.5,0.0,10.0,10.0,100.0,0.0,0.0,0.0,0.0,0.0,0.0,0.0,0.0,0.0,8.7758609437533,1.982157438554614,8.756296582273302,1.957103658624415,-1950515363,8.767345115610865,1.9869246917145682
0.2,1.0,Complete,10.0,2.0,500.0,10000.0,0.5,0.0,10.0,10.0,100.0,0.0,0.0,0.0,0.0,0.0,0.0,0.0,0.0,0.0,8.764727340638085,1.9928182476057867,8.75407613558106,1.9814494198637136,-1025492150,8.763181723726523,1.9872415913257997
0.2,1.0,Complete,10.0,2.0,500.0,10000.0,0.5,0.0,10.0,10.0,100.0,0.0,0.0,0.0,0.0,0.0,0.0,0.0,0.0,0.0,8.773322108924908,2.014263551438379,8.773874495160538,2.005359279911862,1854106849,8.764145449944587,2.0108063452572753
0.25,1.0,Complete,10.0,2.0,500.0,10000.0,0.5,0.0,10.0,10.0,100.0,0.0,0.0,0.0,0.0,0.0,0.0,0.0,0.0,0.0,8.565273459368626,1.8685313667090304,8.563378820969268,1.8892254752792461,327403381,8.545456543939475,1.8595503343944417
0.25,1.0,Complete,10.0,2.0,500.0,10000.0,0.5,0.0,10.0,10.0,100.0,0.0,0.0,0.0,0.0,0.0,0.0,0.0,0.0,0.0,8.54878081151478,1.9134929024230556,8.5652485340326,1.8743001484520356,898815922,8.555747451845635,1.898270174886452
0.25,1.0,Complete,10.0,2.0,500.0,10000.0,0.5,0.0,10.0,10.0,100.0,0.0,0.0,0.0,0.0,0.0,0.0,0.0,0.0,0.0,8.549438202918356,1.9816252422567344,8.54708558887115,1.8519953512299523,-1994580708,8.561500479868211,1.9033084895181538
